player,id,position,team,ecr,sd,best,worst,bye,scrape_date,espn_id,sleeper_id,yahoo_id,gsis_id,espn_adp,adp_gap
Ja'Marr Chase,19788,WR,CIN,1.51,0.98,1,6,6.0,2026-08-21,4362628.0,7564.0,33393.0,00-0036900,4.03,2.5200000000000005
Jahmyr Gibbs,22968,RB,DET,2.93,1.6,1,7,6.0,2026-08-21,4429795.0,9221.0,40059.0,00-0039139,1.48,-1.4500000000000002
Puka Nacua,23180,WR,LAR,3.47,1.55,1,9,11.0,2026-08-21,4426515.0,9493.0,40168.0,00-0039075,4.84,1.3699999999999997
Bijan Robinson,23133,RB,ATL,3.71,1.48,1,5,11.0,2026-08-21,4430807.0,9509.0,40055.0,00-0038542,2.54,-1.17
Jaxon Smith-Njigba,23070,WR,SEA,4.77,1.5,1,11,11.0,2026-08-21,4430878.0,9488.0,40041.0,00-0038543,5.8,1.0300000000000002
Amon-Ra St. Brown,19799,WR,DET,5.46,1.37,3,9,6.0,2026-08-21,4374302.0,7547.0,33500.0,00-0036963,8.33,2.87
CeeDee Lamb,19202,WR,DAL,8.84,2.32,4,18,14.0,2026-08-21,4241389.0,6786.0,32687.0,00-0036358,10.66,1.8200000000000003
Justin Jefferson,19236,WR,MIN,9.2,2.35,3,19,6.0,2026-08-21,4262921.0,6794.0,32692.0,00-0036322,12.15,2.950000000000001
Christian McCaffrey,16393,RB,SF,10.22,5.06,5,31,8.0,2026-08-21,3117251.0,4034.0,30121.0,00-0033280,6.92,-3.3000000000000007
Drake London,23163,WR,ATL,12.25,3.04,8,26,11.0,2026-08-21,4426502.0,8112.0,33963.0,00-0037238,18.75,6.5
Jonathan Taylor,19217,RB,IND,12.69,6.26,7,33,13.0,2026-08-21,4242335.0,6813.0,32711.0,00-0036223,7.89,-4.8
A.J. Brown,18218,WR,NE,13.97,4.71,6,35,11.0,2026-08-21,4047646.0,5859.0,31883.0,00-0035676,27.15,13.179999999999998
Ashton Jeanty,25989,RB,LV,16.62,5.62,7,34,13.0,2026-08-21,4890973.0,12527.0,,00-0040122,16.52,-0.10000000000000142
Nico Collins,20130,WR,HOU,16.76,3.86,11,29,8.0,2026-08-21,4258173.0,7569.0,33477.0,00-0036554,27.44,10.68
James Cook III,22958,RB,BUF,17.7,7.39,7,34,7.0,2026-08-21,4379399.0,8138.0,34019.0,00-0037248,12.72,-4.979999999999999
Chase Brown,25324,RB,CIN,17.93,5.95,7,39,6.0,2026-08-21,4362238.0,9224.0,40196.0,00-0038597,23.42,5.490000000000002
Brock Bowers,22955,TE,LV,17.94,3.38,10,32,13.0,2026-08-21,4432665.0,11604.0,40878.0,00-0039338,23.98,6.039999999999999
Chris Olave,20111,WR,NO,19.07,6.15,11,36,8.0,2026-08-21,4361370.0,8144.0,33966.0,00-0037239,33.36,14.29
George Pickens,22963,WR,DAL,20.11,6.13,11,40,14.0,2026-08-21,4426354.0,8137.0,34007.0,00-0037247,30.14,10.030000000000001
Trey McBride,22936,TE,ARI,20.93,4.25,16,33,14.0,2026-08-21,4361307.0,8130.0,34010.0,00-0037744,20.1,-0.8299999999999983
De'Von Achane,23136,RB,MIA,22.2,7.58,5,39,6.0,2026-08-21,4429160.0,9226.0,40118.0,00-0039040,12.04,-10.16
Rashee Rice,23113,WR,KC,22.39,8.69,11,45,5.0,2026-08-21,4428331.0,10229.0,40084.0,00-0039067,22.27,-0.120000000000001
DeVonta Smith,19222,WR,PHI,23.92,7.45,11,45,10.0,2026-08-21,4241478.0,7525.0,33398.0,00-0036912,40.12,16.199999999999996
Malik Nabers,25409,WR,NYG,24.86,9.72,9,48,8.0,2026-08-21,4595348.0,11632.0,40899.0,00-0039337,35.24,10.380000000000003
Saquon Barkley,17240,RB,PHI,25.26,6.88,7,41,10.0,2026-08-21,3929630.0,4866.0,30972.0,00-0034844,16.05,-9.21
Omarion Hampton,25395,RB,LAC,25.71,7.03,10,39,7.0,2026-08-21,4685382.0,12507.0,,00-0040666,27.63,1.9199999999999982
Josh Allen,17298,QB,BUF,25.9,2.75,21,37,7.0,2026-08-21,3918298.0,4984.0,30977.0,00-0034857,22.06,-3.84
Kenneth Walker III,23021,RB,KC,28.07,8.6,13,56,5.0,2026-08-21,4567048.0,8151.0,33996.0,00-0038134,22.93,-5.140000000000001
Zay Flowers,22916,WR,BAL,29.86,7.97,14,48,13.0,2026-08-21,4429615.0,9997.0,40039.0,00-0039064,41.57,11.71
Garrett Wilson,23072,WR,NYJ,30.01,7.07,14,45,13.0,2026-08-21,4569618.0,8146.0,33965.0,00-0037740,36.31,6.300000000000001
Lamar Jackson,17233,QB,BAL,33.52,10.92,25,70,13.0,2026-08-21,3916387.0,4881.0,31002.0,00-0034796,38.6,5.079999999999998
Tetairoa McMillan,25417,WR,CAR,33.99,7.09,18,51,5.0,2026-08-21,4685472.0,12526.0,,00-0040124,42.32,8.329999999999998
Ladd McConkey,26122,WR,LAC,36.1,7.27,15,51,7.0,2026-08-21,4612826.0,11635.0,40908.0,00-0039915,52.09,15.990000000000002
Jaylen Waddle,19790,WR,DEN,36.15,6.87,19,51,10.0,2026-08-21,4372016.0,7526.0,33394.0,00-0036613,59.54,23.39
Tee Higgins,19211,WR,CIN,36.36,6.96,19,51,6.0,2026-08-21,4239993.0,6801.0,32703.0,00-0036410,57.26,20.9
Colston Loveland,26006,TE,CHI,38.13,13.38,22,87,10.0,2026-08-21,4723086.0,12517.0,,00-0040126,45.16,7.029999999999994
Derrick Henry,15514,RB,BAL,38.26,8.37,14,50,13.0,2026-08-21,3043078.0,3198.0,29279.0,00-0032764,19.44,-18.819999999999997
Drake Maye,23046,QB,NE,38.28,15.88,26,119,11.0,2026-08-21,4431452.0,11564.0,40881.0,00-0039851,47.32,9.04
Emeka Egbuka,23062,WR,TB,39.7,8.1,15,64,10.0,2026-08-21,4567750.0,12514.0,,00-0040129,46.13,6.43
Jeremiyah Love,25403,RB,ARI,40.21,7.96,26,67,14.0,2026-08-21,4870808.0,13287.0,,00-0041027,20.26,-19.95
Breece Hall,22982,RB,NYJ,40.6,6.16,29,58,13.0,2026-08-21,4427366.0,8155.0,33991.0,00-0038120,32.02,-8.579999999999998
Kyren Williams,23059,RB,LAR,42.56,6.67,23,56,11.0,2026-08-21,4430737.0,8150.0,34120.0,00-0037840,43.03,0.46999999999999886
Javonte Williams,22739,RB,DAL,44.95,6.12,31,61,14.0,2026-08-21,4361579.0,7588.0,33423.0,00-0036997,37.16,-7.790000000000006
Josh Jacobs,18269,RB,GB,45.16,7.14,29,61,11.0,2026-08-21,4047365.0,5850.0,31856.0,00-0035700,35.48,-9.68
Terry McLaurin,18466,WR,WAS,45.91,6.75,28,64,7.0,2026-08-21,3121422.0,5927.0,31908.0,00-0035659,61.39,15.480000000000004
Joe Burrow,19196,QB,CIN,46.79,14.87,27,101,6.0,2026-08-21,3915511.0,6770.0,32671.0,00-0036442,59.72,12.93
Luther Burden III,27016,WR,CHI,47.46,8.91,29,69,10.0,2026-08-21,4685278.0,12519.0,,00-0040735,77.33,29.869999999999997
Travis Etienne Jr.,19231,RB,NO,49.37,8.18,33,72,8.0,2026-08-21,4239996.0,7543.0,33413.0,00-0036973,46.58,-2.789999999999999
Davante Adams,12123,WR,LAR,50.73,6.85,36,71,11.0,2026-08-21,16800.0,2133.0,27581.0,00-0031381,47.05,-3.6799999999999997
DJ Moore,17265,WR,BUF,52.75,12.39,19,107,7.0,2026-08-21,3915416.0,4983.0,30994.0,00-0034827,64.96,12.209999999999994
Mike Evans,12119,WR,SF,54.32,8.99,42,81,8.0,2026-08-21,16737.0,2216.0,27535.0,00-0031408,93.89,39.57
Jayden Daniels,22902,QB,WAS,54.35,17.67,27,108,7.0,2026-08-21,4426348.0,11566.0,40896.0,00-0039910,50.83,-3.520000000000003
Tyler Warren,26434,TE,IND,54.39,10.87,22,85,13.0,2026-08-21,4431459.0,12518.0,,00-0040128,48.31,-6.079999999999998
Jameson Williams,23677,WR,DET,55.18,9.33,40,94,6.0,2026-08-21,4426388.0,8148.0,33967.0,00-0037240,68.59,13.410000000000004
Cam Skattebo,27166,RB,NYG,56.58,8.77,39,77,8.0,2026-08-21,4696981.0,12481.0,,00-0040715,43.87,-12.71
Rome Odunze,25411,WR,CHI,57.27,9.27,40,83,10.0,2026-08-21,4431299.0,11620.0,40901.0,00-0039919,67.49,10.219999999999992
D'Andre Swift,19210,RB,CHI,57.59,7.94,42,80,10.0,2026-08-21,4259545.0,6790.0,32705.0,00-0036275,67.74,10.149999999999991
Christian Watson,23886,WR,GB,57.64,9.88,44,100,11.0,2026-08-21,4248528.0,8167.0,33989.0,00-0038124,99.67,42.03
Jalen Hurts,19275,QB,PHI,58.31,12.76,30,98,10.0,2026-08-21,4040715.0,6904.0,32723.0,00-0036389,52.02,-6.289999999999999
Bucky Irving,25981,RB,TB,59.06,9.28,41,86,10.0,2026-08-21,4596448.0,11584.0,40993.0,00-0039361,55.38,-3.6799999999999997
David Montgomery,18239,RB,HOU,61.16,9.13,40,86,8.0,2026-08-21,4035538.0,5892.0,31905.0,00-0035685,73.05,11.89
Quinshon Judkins,25391,RB,CLE,61.77,9.58,41,84,11.0,2026-08-21,4685702.0,12512.0,,00-0040784,54.92,-6.850000000000001
Parker Washington,23106,WR,JAC,66.51,16.43,45,115,7.0,2026-08-21,4432620.0,9487.0,40234.0,00-0038606,97.8,31.289999999999992
Caleb Williams,23084,QB,CHI,66.64,14.21,27,98,10.0,2026-08-21,4431611.0,11560.0,40900.0,00-0039918,92.32,25.679999999999993
Carnell Tate,26009,WR,TEN,66.87,16.4,45,126,9.0,2026-08-21,4871023.0,13279.0,,00-0041438,76.97,10.099999999999994
TreVeyon Henderson,23065,RB,NE,67.53,10.15,41,89,11.0,2026-08-21,4432710.0,12529.0,,00-0040734,78.38,10.849999999999994
Marvin Harrison Jr.,23064,WR,ARI,68.51,12.44,45,116,14.0,2026-08-21,4432708.0,11628.0,40893.0,00-0039849,89.29,20.78
Bhayshul Tuten,27297,RB,JAC,68.7,10.45,41,99,7.0,2026-08-21,4882093.0,12490.0,,00-0040719,75.84,7.140000000000001
Justin Herbert,18635,QB,LAC,70.77,12.93,37,114,7.0,2026-08-21,4038941.0,6797.0,32676.0,00-0036355,108.35,37.58
Jadarian Price,27329,RB,SEA,74.44,10.55,50,118,11.0,2026-08-21,4685512.0,13286.0,,00-0041512,79.37,4.930000000000007
Harold Fannin Jr.,27050,TE,CLE,74.68,12.53,32,112,11.0,2026-08-21,5083076.0,12506.0,,00-0040663,76.52,1.8399999999999892
Brian Thomas Jr.,23000,WR,JAC,75.86,13.44,49,116,7.0,2026-08-21,4432773.0,11631.0,40883.0,00-0039893,105.39,29.53
Jaylen Warren,24209,RB,PIT,76.24,8.11,58,99,9.0,2026-08-21,4569987.0,8228.0,34447.0,00-0037228,101.87,25.63000000000001
Tucker Kraft,25298,TE,GB,77.08,13.1,57,111,11.0,2026-08-21,4572680.0,9484.0,40102.0,00-0038996,94.09,17.010000000000005
Trevor Lawrence,19780,QB,JAC,77.32,14.86,37,112,7.0,2026-08-21,4360310.0,7523.0,33389.0,00-0036971,94.17,16.85000000000001
Chris Godwin Jr.,16406,WR,TB,78.07,14.49,48,123,10.0,2026-08-21,3116165.0,4037.0,30197.0,00-0033921,146.21,68.14000000000001
Kyle Pitts Sr.,20164,TE,ATL,79.34,9.64,63,97,11.0,2026-08-21,4360248.0,7553.0,33392.0,00-0036970,65.59,-13.75
Dak Prescott,15600,QB,DAL,79.47,14.31,37,113,14.0,2026-08-21,2577417.0,3294.0,29369.0,00-0033077,86.39,6.920000000000002
DK Metcalf,18219,WR,PIT,79.67,13.86,51,121,9.0,2026-08-21,4047650.0,5846.0,31896.0,00-0035640,87.35,7.679999999999993
Rhamondre Stevenson,22726,RB,NE,80.47,10.39,61,117,11.0,2026-08-21,4569173.0,7611.0,33508.0,00-0036875,91.62,11.150000000000006
Michael Pittman Jr.,19278,WR,PIT,81.58,13.54,45,114,9.0,2026-08-21,4035687.0,6819.0,32704.0,00-0036252,91.09,9.510000000000005
Sam LaPorta,22978,TE,DET,83.02,11.37,57,106,6.0,2026-08-21,4430027.0,10859.0,40064.0,00-0039065,67.17,-15.849999999999994
Courtland Sutton,17253,WR,DEN,83.44,14.88,49,116,10.0,2026-08-21,3128429.0,5045.0,31010.0,00-0034348,82.95,-0.4899999999999949
Tony Pollard,18705,RB,TEN,83.66,11.3,58,118,9.0,2026-08-21,3916148.0,5967.0,31960.0,00-0035261,105.34,21.680000000000007
Josh Downs,24706,WR,IND,85.85,14.75,49,133,13.0,2026-08-21,4688813.0,9500.0,40126.0,00-0038997,126.57,40.72
Wan'Dale Robinson,22985,WR,TEN,85.91,15.34,45,123,9.0,2026-08-21,4569587.0,8126.0,33998.0,00-0038117,116.68,30.77000000000001
Rico Dowdle,19647,RB,PIT,87.68,12.15,65,117,9.0,2026-08-21,4038815.0,7021.0,33100.0,00-0036139,107.33,19.64999999999999
Michael Wilson,25333,WR,ARI,88.08,15.88,62,133,14.0,2026-08-21,4360761.0,10232.0,40121.0,00-0038559,105.8,17.72
RJ Harvey,27142,RB,DEN,93.64,17.37,43,145,10.0,2026-08-21,4568490.0,12489.0,,00-0040730,138.33,44.69000000000001
Brock Purdy,19797,QB,SF,96.48,10.71,63,130,8.0,2026-08-21,4361741.0,8183.0,34218.0,00-0037834,104.25,7.769999999999996
Jonathon Brooks,26148,RB,CAR,96.61,30.04,65,243,5.0,2026-08-21,4678008.0,11583.0,40926.0,00-0039344,122.02,25.409999999999997
Chuba Hubbard,19792,RB,CAR,97.7,14.91,72,141,5.0,2026-08-21,4241416.0,7594.0,33514.0,00-0036555,120.36,22.659999999999997
Jaxson Dart,23160,QB,NYG,97.98,14.41,59,129,8.0,2026-08-21,4689114.0,12508.0,,00-0040691,76.45,-21.53
Travis Kelce,11594,TE,KC,98.85,14.5,66,138,5.0,2026-08-21,15847.0,1466.0,26686.0,00-0030506,99.1,0.25
Alec Pierce,23791,WR,IND,98.93,21.0,64,170,13.0,2026-08-21,4360078.0,8142.0,34008.0,00-0037664,99.86,0.9299999999999926
Quentin Johnston,23123,WR,LAC,99.56,15.05,69,149,7.0,2026-08-21,4429025.0,9754.0,40051.0,00-0038544,139.53,39.97
Stefon Diggs,13981,WR,WAS,100.04,36.19,51,225,7.0,2026-08-21,2976212.0,2449.0,28534.0,00-0031588,129.59,29.549999999999997
Patrick Mahomes II,16413,QB,KC,100.36,12.48,70,138,5.0,2026-08-21,3139477.0,4046.0,30123.0,00-0033873,108.61,8.25
Kenny Gainwell,23310,RB,TB,100.79,15.08,65,135,10.0,2026-08-21,4371733.0,7567.0,33538.0,00-0036919,120.68,19.89
Bo Nix,22910,QB,DEN,101.01,9.03,74,126,10.0,2026-08-21,4426338.0,11563.0,40875.0,00-0039732,88.86,-12.150000000000006
George Kittle,16499,TE,SF,101.09,17.24,32,154,8.0,2026-08-21,3040151.0,4217.0,30259.0,00-0033288,99.89,-1.2000000000000028
Jakobi Meyers,18598,WR,JAC,101.99,17.89,55,163,7.0,2026-08-21,3916433.0,5947.0,32231.0,00-0034960,113.62,11.63000000000001
J.K. Dobbins,19245,RB,DEN,102.35,16.32,78,143,10.0,2026-08-21,4241985.0,6806.0,32725.0,00-0036158,120.44,18.090000000000003
Matthew Stafford,9451,QB,LAR,104.27,13.41,59,147,11.0,2026-08-21,12483.0,421.0,9265.0,00-0026498,80.07,-24.200000000000003
Jayden Reed,23020,WR,GB,106.04,13.84,78,132,11.0,2026-08-21,4362249.0,10222.0,40063.0,00-0039146,132.57,26.529999999999987
Jordan Addison,23107,WR,MIN,106.59,14.92,71,150,6.0,2026-08-21,4429205.0,9756.0,40042.0,00-0038994,119.3,12.709999999999994
Makai Lemon,25420,WR,PHI,106.63,17.88,69,163,10.0,2026-08-21,4870795.0,13294.0,,00-0040867,141.96,35.33000000000001
Jared Goff,15501,QB,DET,107.15,11.23,63,146,6.0,2026-08-21,3046779.0,3163.0,29235.0,00-0033106,138.47,31.319999999999993
Rachaad White,23891,RB,WAS,108.02,15.81,72,146,7.0,2026-08-21,4697815.0,8136.0,34047.0,00-0037256,134.6,26.58
Blake Corum,23013,RB,LAR,110.43,14.59,80,143,11.0,2026-08-21,4429096.0,11586.0,40962.0,00-0039738,139.31,28.879999999999995
Kyle Monangai,27131,RB,CHI,112.14,15.39,78,160,10.0,2026-08-21,4608686.0,12534.0,,00-0040236,129.26,17.11999999999999
Kyler Murray,18600,QB,MIN,112.34,11.28,59,139,6.0,2026-08-21,3917315.0,5849.0,31833.0,00-0035228,147.31,34.97
Dalton Kincaid,25247,TE,BUF,113.72,15.94,85,155,7.0,2026-08-21,4385690.0,10236.0,40048.0,00-0038933,133.83,20.110000000000014
Aaron Jones Sr.,16673,RB,MIN,113.87,16.59,78,146,6.0,2026-08-21,3042519.0,4199.0,30295.0,00-0033293,132.41,18.539999999999992
Jake Ferguson,22718,TE,DAL,114.25,18.6,73,173,14.0,2026-08-21,4242355.0,8110.0,34085.0,00-0038041,112.01,-2.239999999999995
Jacory Croskey-Merritt,27316,RB,WAS,117.51,11.88,80,143,7.0,2026-08-21,4575131.0,12533.0,,00-0040242,133.5,15.989999999999995
Baker Mayfield,17237,QB,TB,118.52,10.15,98,170,10.0,2026-08-21,3052587.0,4892.0,30971.0,00-0034855,148.75,30.230000000000004
Jordan Mason,22969,RB,MIN,118.74,16.92,77,182,6.0,2026-08-21,4360569.0,8408.0,34320.0,00-0037525,145.09,26.35000000000001
Isaiah Likely,23781,TE,NYG,119.07,26.4,85,236,8.0,2026-08-21,4361050.0,8131.0,34095.0,00-0037838,129.01,9.939999999999998
Jordan Love,19246,QB,GB,119.39,10.24,92,169,11.0,2026-08-21,4036378.0,6804.0,32696.0,00-0036264,159.28,39.89
Khalil Shakir,23748,WR,BUF,120.35,15.44,83,163,7.0,2026-08-21,4373678.0,8134.0,34104.0,00-0037261,125.04,4.690000000000012
Dallas Goedert,17270,TE,PHI,120.7,16.66,97,186,10.0,2026-08-21,3121023.0,5022.0,31019.0,00-0034351,100.13,-20.570000000000007
KC Concepcion,27331,WR,CLE,122.14,22.5,79,210,11.0,2026-08-21,4870653.0,13298.0,,00-0041547,148.41,26.269999999999996
Jalen Coker,26403,WR,CAR,123.74,17.6,90,168,5.0,2026-08-21,4695883.0,11646.0,41293.0,00-0039491,160.86,37.12000000000002
Tyler Shough,23096,QB,NO,123.88,15.01,79,206,8.0,2026-08-21,4360689.0,12545.0,,00-0040743,155.57,31.689999999999998
Jordyn Tyson,26035,WR,NO,124.54,25.58,91,210,8.0,2026-08-21,4880281.0,13281.0,,00-0041029,136.76,12.219999999999985
Xavier Worthy,23019,WR,KC,128.09,16.34,91,195,5.0,2026-08-21,4683062.0,11624.0,40877.0,00-0039894,131.55,3.460000000000008
Matthew Golden,26024,WR,GB,129.41,20.15,82,184,11.0,2026-08-21,4701936.0,12501.0,,00-0040667,105.86,-23.549999999999997
Mark Andrews,17269,TE,BAL,130.92,24.21,87,229,13.0,2026-08-21,3116365.0,5012.0,31056.0,00-0034753,122.45,-8.469999999999985
Romeo Doubs,23794,WR,NE,131.65,17.87,91,180,11.0,2026-08-21,4361432.0,8121.0,34088.0,00-0037816,152.61,20.960000000000008
Malik Willis,23499,QB,MIA,132.97,24.88,98,242,6.0,2026-08-21,4242512.0,8161.0,34042.0,00-0038128,166.74,33.77000000000001
Juwan Johnson,19562,TE,NO,136.23,20.23,95,190,8.0,2026-08-21,3929645.0,7002.0,33113.0,00-0036040,163.89,27.659999999999997
Chris Rodriguez Jr.,22986,RB,JAC,139.48,15.6,116,231,7.0,2026-08-21,4362619.0,10219.0,40231.0,00-0038611,166.87,27.390000000000015
Deebo Samuel Sr.,18244,WR,SF,139.56,32.69,82,241,8.0,2026-08-21,3126486.0,5872.0,31868.0,00-0035719,135.06,-4.5
Woody Marks,27520,RB,HOU,139.76,13.95,89,168,8.0,2026-08-21,4429059.0,12474.0,,00-0040583,151.78,12.02000000000001
Tyler Allgeier,24172,RB,ARI,139.94,13.29,109,180,14.0,2026-08-21,4373626.0,8132.0,34107.0,00-0037263,167.1,27.159999999999997
Tyjae Spears,25323,RB,TEN,141.47,15.18,99,201,9.0,2026-08-21,4428557.0,9508.0,40119.0,00-0039032,163.3,21.830000000000013
Tyrone Tracy Jr.,22980,RB,NYG,141.64,21.33,103,229,8.0,2026-08-21,4360516.0,11655.0,41048.0,00-0039384,167.19,25.55000000000001
Sam Darnold,17236,QB,SEA,142.12,18.32,113,249,11.0,2026-08-21,3912547.0,4943.0,30973.0,00-0034869,162.35,20.22999999999999
C.J. Stroud,23071,QB,HOU,143.55,19.62,108,237,8.0,2026-08-21,4432577.0,9758.0,40030.0,00-0039163,165.92,22.369999999999976
Dylan Sampson,27102,RB,CLE,148.04,17.51,103,237,11.0,2026-08-21,5081397.0,12469.0,,00-0040162,170.91,22.870000000000005
Zach Charbonnet,23152,RB,SEA,148.19,25.9,80,248,11.0,2026-08-21,4426385.0,9753.0,40075.0,00-0039165,156.13,7.939999999999998
De'Zhaun Stribling,28138,WR,SF,149.34,43.2,76,289,8.0,2026-08-21,4710714.0,13417.0,,00-0041035,156.22,6.8799999999999955
Rashid Shaheed,24687,WR,SEA,150.4,17.92,115,223,11.0,2026-08-21,4032473.0,8676.0,34659.0,00-0037545,157.34,6.939999999999998
Keaton Mitchell,25360,RB,LAC,151.97,26.31,104,248,7.0,2026-08-21,4596334.0,9511.0,40641.0,00-0038454,169.35,17.379999999999995
Denzel Boston,27339,WR,CLE,152.44,31.05,107,302,11.0,2026-08-21,4832800.0,13346.0,,00-0041037,166.43,13.990000000000009
Daniel Jones,18232,QB,IND,153.68,33.8,105,321,13.0,2026-08-21,3917792.0,5870.0,31838.0,00-0035710,159.19,5.509999999999991
Houston Texans,8120,DST,HOU,153.71,6.08,143,176,8.0,2026-08-21,,,,,,
Alvin Kamara,16421,RB,NO,155.24,28.38,102,263,8.0,2026-08-21,3054850.0,4035.0,30180.0,00-0033906,158.22,2.9799999999999898
Cam Ward,24755,QB,TEN,157.79,27.03,119,270,9.0,2026-08-21,4688380.0,12522.0,,00-0040676,168.86,11.070000000000022
Chig Okonkwo,23982,TE,WAS,157.8,26.81,106,236,7.0,2026-08-21,4360635.0,8210.0,34099.0,00-0037809,169.62,11.819999999999993
Brenton Strange,25345,TE,JAC,158.43,25.05,112,226,7.0,2026-08-21,4430539.0,9480.0,40078.0,00-0038935,167.85,9.419999999999987
Jonah Coleman,27320,RB,DEN,158.88,32.05,118,321,10.0,2026-08-21,4702555.0,13345.0,,00-0041496,169.75,10.870000000000005
Isiah Pacheco,24333,RB,DET,160.74,21.95,127,238,6.0,2026-08-21,4361529.0,8205.0,34207.0,00-0037197,162.21,1.4699999999999989
Jauan Jennings,19590,WR,MIN,162.12,31.19,94,282,6.0,2026-08-21,3886598.0,7049.0,32887.0,00-0036259,170.66,8.539999999999992
Denver Broncos,8090,DST,DEN,163.01,7.53,149,210,10.0,2026-08-21,,,,,,
Hunter Henry,15561,TE,NE,164.71,24.91,112,235,11.0,2026-08-21,3046439.0,3214.0,29269.0,00-0033090,142.91,-21.80000000000001
Jerry Jeudy,19201,WR,CLE,166.52,28.65,128,269,11.0,2026-08-21,4241463.0,6783.0,32685.0,00-0036407,165.05,-1.4699999999999989
Los Angeles Rams,8280,DST,LAR,167.31,7.31,148,186,11.0,2026-08-21,,,,,,
Seattle Seahawks,8260,DST,SEA,167.56,5.16,151,194,11.0,2026-08-21,,,,,,
Tank Bigsby,22908,RB,PHI,169.73,24.07,127,228,10.0,2026-08-21,4429013.0,9225.0,40095.0,00-0038555,168.98,-0.75
Bryce Young,22900,QB,CAR,170.09,30.17,134,328,5.0,2026-08-21,4685720.0,9228.0,40029.0,00-0039150,168.86,-1.2299999999999898
Adonai Mitchell,24357,WR,NYJ,170.64,27.03,126,287,13.0,2026-08-21,4597500.0,11625.0,40915.0,00-0039890,170.05,-0.589999999999975
Jalen McMillan,23179,WR,TB,171.44,26.73,126,293,10.0,2026-08-21,4430834.0,11618.0,40954.0,00-0039855,168.3,-3.1399999999999864
Dalton Schultz,17349,TE,HOU,172.8,26.77,111,236,8.0,2026-08-21,3117256.0,5001.0,31107.0,00-0034383,167.9,-4.900000000000006
Tre Tucker,25337,WR,LV,173.31,29.5,121,289,13.0,2026-08-21,4428718.0,10213.0,40114.0,00-0038563,168.23,-5.0800000000000125
Philadelphia Eagles,8230,DST,PHI,174.91,9.29,156,235,10.0,2026-08-21,,,,,,
Braelon Allen,24346,RB,NYJ,174.96,31.51,118,275,13.0,2026-08-21,4685247.0,11576.0,40981.0,00-0039794,170.62,-4.340000000000003
Brian Robinson Jr.,20094,RB,ATL,175.61,20.11,130,234,11.0,2026-08-21,4241474.0,8154.0,34054.0,00-0037746,165.93,-9.680000000000007
Travis Hunter,26034,WR,JAC,178.0,34.05,100,272,7.0,2026-08-21,4685415.0,12530.0,,00-0040718,119.74,-58.260000000000005
Tre' Harris,26215,WR,LAC,178.59,26.44,126,277,7.0,2026-08-21,4686612.0,12509.0,,00-0040727,171.01,-7.5800000000000125
Omar Cooper Jr.,28127,WR,NYJ,181.77,39.6,126,312,13.0,2026-08-21,4723820.0,13276.0,,00-0041511,171.09,-10.680000000000007
Ryan Flournoy,26398,WR,DAL,184.4,28.54,137,331,14.0,2026-08-21,5083754.0,11783.0,41087.0,00-0039410,170.65,-13.75
New England Patriots,8180,DST,NE,185.32,8.29,160,225,11.0,2026-08-21,,,,,,
Brandon Aubrey,26068,K,DAL,185.86,6.16,139,193,14.0,2026-08-21,3953687.0,11533.0,40819.0,00-0037692,85.36,-100.50000000000001
Minnesota Vikings,8170,DST,MIN,186.17,12.3,164,252,6.0,2026-08-21,,,,,,
Pittsburgh Steelers,8240,DST,PIT,187.37,8.49,161,239,9.0,2026-08-21,,,,,,
Jalen Nailor,24177,WR,LV,188.09,38.89,126,305,13.0,2026-08-21,4382466.0,8180.0,34147.0,00-0037291,170.44,-17.650000000000006
Oronde Gadsden II,25997,TE,LAC,189.9,42.66,97,261,7.0,2026-08-21,4595342.0,12493.0,,00-0040189,170.05,-19.849999999999994
Jacksonville Jaguars,8140,DST,JAC,190.4,16.93,161,280,7.0,2026-08-21,,,,,,
Malik Washington,26314,WR,MIA,190.45,38.43,116,313,6.0,2026-08-21,4569603.0,11610.0,41058.0,00-0039880,170.37,-20.079999999999984
Jacoby Brissett,15642,QB,ARI,191.31,40.8,129,340,14.0,2026-08-21,2578570.0,3257.0,29325.0,00-0033119,170.14,-21.170000000000016
T.J. Hockenson,18290,TE,MIN,192.08,23.41,138,246,6.0,2026-08-21,4036133.0,5844.0,31840.0,00-0035229,133.28,-58.80000000000001
Ka'imi Fairbairn,15756,K,HOU,192.4,4.22,170,212,8.0,2026-08-21,2971573.0,3451.0,29792.0,00-0032726,133.1,-59.30000000000001
Los Angeles Chargers,8250,DST,LAC,192.49,15.07,171,280,7.0,2026-08-21,,,,,,
Pat Bryant,27211,WR,DEN,193.24,33.66,137,298,10.0,2026-08-21,4600981.0,12492.0,,00-0040134,170.59,-22.650000000000006
Cameron Dicker,23901,K,LAC,193.91,5.62,167,226,7.0,2026-08-21,4362081.0,8259.0,34344.0,00-0037224,105.56,-88.35
Dontayvion Wicks,24354,WR,PHI,194.69,32.6,133,262,10.0,2026-08-21,4428850.0,9486.0,40201.0,00-0038393,170.83,-23.859999999999985
Ray Davis,26191,RB,BUF,195.06,34.47,142,294,7.0,2026-08-21,4429501.0,11575.0,40980.0,00-0039875,170.88,-24.180000000000007
Jaylin Noel,27122,WR,HOU,196.17,34.41,137,346,8.0,2026-08-21,4586312.0,12536.0,,00-0040138,170.86,-25.309999999999974
Emmett Johnson,28107,RB,KC,196.74,37.33,145,322,5.0,2026-08-21,4832955.0,13337.0,,00-0041013,170.01,-26.730000000000018
Sean Tucker,23679,RB,TB,196.89,33.47,141,284,10.0,2026-08-21,4430871.0,9506.0,40742.0,00-0038951,170.34,-26.549999999999983
MarShawn Lloyd,23118,RB,GB,197.06,50.68,122,324,11.0,2026-08-21,4429023.0,11581.0,40971.0,00-0039811,170.68,-26.379999999999995
Cam Little,26475,K,JAC,198.36,9.04,168,253,7.0,2026-08-21,4686361.0,11786.0,41062.0,00-0039409,138.1,-60.26000000000002
Kayshon Boutte,22989,WR,NE,199.32,28.68,150,323,11.0,2026-08-21,4429022.0,9504.0,40224.0,00-0038608,170.79,-28.53
Baltimore Ravens,8020,DST,BAL,199.59,24.03,171,356,13.0,2026-08-21,,,,,,
James Conner,16447,RB,ARI,200.19,39.96,127,314,14.0,2026-08-21,3045147.0,4137.0,30218.0,00-0033553,170.33,-29.859999999999985
Jason Myers,14003,K,SEA,200.32,8.66,171,253,11.0,2026-08-21,2473037.0,2747.0,28378.0,00-0031492,116.67,-83.64999999999999
Kimani Vidal,26355,RB,LAC,201.71,35.16,156,294,7.0,2026-08-21,4430968.0,11647.0,41052.0,00-0039391,170.75,-30.960000000000008
Mike Washington Jr.,28108,RB,LV,201.86,39.25,143,313,13.0,2026-08-21,4686658.0,13305.0,,WAS569019,169.65,-32.21000000000001
Greg Dulcich,23153,TE,MIA,202.86,41.65,131,300,6.0,2026-08-21,4367209.0,8172.0,34036.0,00-0037252,170.34,-32.52000000000001
Green Bay Packers,8110,DST,GB,203.24,21.49,184,280,11.0,2026-08-21,,,,,,
Tank Dell,25361,WR,HOU,204.41,31.01,133,285,8.0,2026-08-21,4366031.0,9502.0,40097.0,00-0038977,164.08,-40.329999999999984
AJ Barner,26335,TE,SEA,207.34,22.88,144,254,11.0,2026-08-21,4576297.0,11603.0,41001.0,00-0039793,169.15,-38.19
Calvin Ridley,17258,WR,TEN,207.85,34.23,136,312,9.0,2026-08-21,3925357.0,4981.0,30996.0,00-0034837,168.12,-39.72999999999999
Troy Franklin,23092,WR,DEN,207.91,37.91,137,341,10.0,2026-08-21,4431280.0,11627.0,41009.0,00-0039868,170.44,-37.47
Eddy Pineiro,17575,K,SF,208.27,10.05,175,250,8.0,2026-08-21,4034949.0,5189.0,31482.0,00-0034173,148.75,-59.52000000000001
Tyler Loop,27534,K,BAL,208.98,12.35,181,257,13.0,2026-08-21,,,,,,
Nicholas Singleton,24343,RB,TEN,209.41,41.5,145,322,9.0,2026-08-21,4685555.0,13288.0,,00-0040886,170.39,-39.02000000000001
Kansas City Chiefs,8150,DST,KC,210.3,19.6,151,280,5.0,2026-08-21,,,,,,
Isaac TeSlaa,27446,WR,DET,212.78,26.99,163,302,6.0,2026-08-21,5123663.0,12535.0,,00-0040669,170.33,-42.44999999999999
Keenan Allen,11616,WR,IND,214.22,61.74,109,298,13.0,2026-08-21,15818.0,1479.0,26699.0,00-0030279,168.63,-45.59
Evan McPherson,23297,K,CIN,215.53,15.46,173,262,6.0,2026-08-21,4360234.0,7839.0,33537.0,00-0036854,168.93,-46.599999999999994
Cairo Santos,13731,K,CHI,216.59,13.3,193,282,10.0,2026-08-21,17427.0,2020.0,28227.0,00-0031203,167.71,-48.879999999999995
Darnell Mooney,19810,WR,NYG,216.84,24.5,154,299,8.0,2026-08-21,4040655.0,7090.0,32843.0,00-0036309,170.68,-46.16
Gunnar Helm,27109,TE,TEN,217.41,29.04,138,290,9.0,2026-08-21,4686728.0,12502.0,,00-0040584,170.39,-47.02000000000001
Jaydon Blue,24344,RB,DAL,219.63,47.34,133,328,14.0,2026-08-21,4685279.0,12457.0,,00-0040586,170.56,-49.06999999999999
Emanuel Wilson,25885,RB,SEA,220.2,39.63,132,394,11.0,2026-08-21,4887558.0,11435.0,40707.0,00-0038797,170.23,-49.97
Rashod Bateman,19794,WR,BAL,220.66,27.95,165,296,13.0,2026-08-21,4360939.0,7571.0,33415.0,00-0036550,170.98,-49.68000000000001
Detroit Lions,8100,DST,DET,220.97,25.28,185,330,6.0,2026-08-21,,,,,,
Cleveland Browns,8070,DST,CLE,221.0,32.59,182,319,11.0,2026-08-21,,,,,,
Aaron Rodgers,9001,QB,PIT,221.5,43.21,139,343,9.0,2026-08-21,8439.0,96.0,7200.0,00-0023459,169.12,-52.379999999999995
Jake Bates,26075,K,DET,221.51,14.43,191,255,6.0,2026-08-21,4689936.0,11539.0,40835.0,00-0039172,155.53,-65.97999999999999
Terrance Ferguson,23091,TE,LAR,221.7,35.77,138,290,11.0,2026-08-21,4570037.0,12487.0,,00-0040737,165.9,-55.79999999999998
Kenyon Sadiq,26055,TE,NYJ,222.64,32.53,158,377,13.0,2026-08-21,5083315.0,13330.0,,00-0041032,143.52,-79.11999999999998
Cyrus Allen,28424,WR,KC,223.33,63.85,132,438,5.0,2026-08-21,4912218.0,13413.0,,00-0040890,169.45,-53.880000000000024
Andy Borregales,27291,K,NE,223.51,22.02,188,333,11.0,2026-08-21,,,,,,
Harrison Mevis,26638,K,LAR,225.52,18.54,192,282,11.0,2026-08-21,,,,,,
Caleb Douglas,28135,WR,MIA,225.68,58.72,94,334,6.0,2026-08-21,4869645.0,13296.0,,00-0041523,169.45,-56.23000000000002
Zachariah Branch,25419,WR,ATL,225.78,36.89,142,313,11.0,2026-08-21,4870612.0,13320.0,,00-0041044,170.95,-54.83000000000001
Chase McLaughlin,19058,K,TB,226.03,18.36,193,282,10.0,2026-08-21,3150744.0,6650.0,32417.0,00-0035358,169.44,-56.59
Geno Smith,11687,QB,NYJ,226.83,34.99,147,344,13.0,2026-08-21,15864.0,1373.0,26662.0,00-0030565,170.36,-56.47
Buffalo Bills,8030,DST,BUF,226.94,24.03,185,343,7.0,2026-08-21,,,,,,
Cooper Kupp,16433,WR,SEA,227.47,28.74,149,298,11.0,2026-08-21,2977187.0,4039.0,30182.0,00-0033908,168.85,-58.620000000000005
Antonio Williams,25418,WR,WAS,228.04,40.05,136,331,7.0,2026-08-21,5081432.0,13301.0,,00-0041040,170.91,-57.129999999999995
Kaytron Allen,24362,RB,WAS,229.34,36.94,146,326,7.0,2026-08-21,4685246.0,13405.0,,00-0041096,170.43,-58.91
Jaylen Wright,25987,RB,MIA,231.39,30.88,151,301,6.0,2026-08-21,4682745.0,11643.0,41010.0,00-0039874,170.44,-60.94999999999999
Germie Bernard,26039,WR,PIT,234.04,34.91,170,331,9.0,2026-08-21,4685261.0,13274.0,,00-0041489,170.96,-63.079999999999984
Chimere Dike,27315,WR,TEN,237.45,36.3,154,331,9.0,2026-08-21,4431268.0,12540.0,,00-0040705,170.19,-67.25999999999999
Justice Hill,18256,RB,BAL,237.8,37.85,141,329,13.0,2026-08-21,4038441.0,5995.0,31945.0,00-0034975,170.85,-66.95000000000002
Pat Freiermuth,20163,TE,PIT,238.08,29.27,138,333,9.0,2026-08-21,4361411.0,7600.0,33443.0,00-0036894,168.9,-69.18
Jack Bech,27224,WR,LV,238.09,32.42,142,347,13.0,2026-08-21,4603186.0,12483.0,,00-0040729,170.46,-67.63
Chris Boswell,13029,K,PIT,240.06,19.18,192,282,9.0,2026-08-21,17372.0,1945.0,28188.0,00-0031136,162.87,-77.19
Ollie Gordon II,25984,RB,MIA,241.18,26.21,156,294,6.0,2026-08-21,4711533.0,12495.0,,00-0040198,170.52,-70.66
Ted Hurst III,28130,WR,TB,242.08,34.58,169,315,10.0,2026-08-21,5220680.0,13317.0,,00-0041048,170.25,-71.83000000000001
Cade Otton,23181,TE,TB,242.1,22.06,168,309,10.0,2026-08-21,4243331.0,8111.0,34062.0,00-0038129,170.38,-71.72
Harrison Butker,16712,K,KC,243.09,23.33,192,312,5.0,2026-08-21,3055899.0,4227.0,30346.0,00-0033303,147.69,-95.4
Demond Claiborne,28084,RB,MIN,244.58,37.24,152,354,6.0,2026-08-21,4832846.0,13347.0,,00-0041104,170.41,-74.17000000000002
Malachi Fields,27994,WR,NYG,245.04,35.3,168,355,8.0,2026-08-21,4682648.0,13285.0,,00-0041042,169.84,-75.19999999999999
Keon Coleman,26019,WR,BUF,245.99,30.27,170,328,7.0,2026-08-21,4635008.0,11637.0,40911.0,00-0039901,170.23,-75.76000000000002
Ja'Kobi Lane,27337,WR,BAL,246.86,46.33,154,339,13.0,2026-08-21,4870847.0,13293.0,,00-0040870,166.36,-80.5
Elic Ayomanor,27059,WR,TEN,248.09,37.71,176,344,9.0,2026-08-21,4883647.0,12499.0,,00-0040170,169.99,-78.1
George Holani,22915,RB,SEA,248.98,41.23,160,337,11.0,2026-08-21,4429835.0,12048.0,41344.0,00-0039299,170.29,-78.69
Chris Bell,26038,WR,MIA,249.1,33.87,150,368,6.0,2026-08-21,4869961.0,13311.0,,00-0041525,170.5,-78.6
Dallas Cowboys,8080,DST,DAL,249.69,56.36,183,365,14.0,2026-08-21,,,,,,
Drew Stevens,28175,K,WAS,251.5,1.5,250,253,7.0,2026-08-21,,,,,,
David Njoku,16399,TE,LAC,252.24,26.72,173,345,7.0,2026-08-21,3123076.0,4033.0,30142.0,00-0033885,169.65,-82.59
Kaelon Black,28401,RB,SF,254.38,45.11,153,337,8.0,2026-08-21,4696044.0,13414.0,,00-0041052,170.59,-83.78999999999999
Evan Engram,16411,TE,DEN,254.49,27.08,181,306,10.0,2026-08-21,3051876.0,4066.0,30136.0,00-0033881,169.96,-84.53
Tory Horton,26022,WR,SEA,254.6,26.45,196,341,11.0,2026-08-21,4597703.0,12497.0,,00-0040648,170.41,-84.19
Will Reichard,26341,K,MIN,255.18,33.09,192,333,6.0,2026-08-21,4567104.0,11792.0,41093.0,00-0039404,166.35,-88.83000000000001
Isaiah Davis,25977,RB,NYJ,255.27,30.83,171,327,13.0,2026-08-21,4695404.0,11571.0,41031.0,00-0039798,170.47,-84.80000000000001
Xavier Smith,25627,WR,LAR,255.5,21.5,234,277,11.0,2026-08-21,4386544.0,11168.0,40399.0,00-0038359,169.96,-85.53999999999999
San Francisco 49ers,8270,DST,SF,257.28,27.12,194,345,8.0,2026-08-21,,,,,,
Christian Kirk,17268,WR,SF,257.33,32.72,166,334,8.0,2026-08-21,3895856.0,4950.0,31017.0,00-0034775,169.98,-87.35
Fernando Mendoza,28013,QB,LV,258.5,37.77,175,368,13.0,2026-08-21,4837248.0,13269.0,,00-0041562,166.94,-91.56
Elijah Sarratt,27463,WR,BAL,258.9,26.92,197,350,13.0,2026-08-21,5088338.0,13268.0,,00-0040876,169.96,-88.93999999999997
Devaughn Vele,26409,WR,NO,259.67,35.31,166,344,8.0,2026-08-21,4569559.0,11834.0,41097.0,00-0039424,171.1,-88.57000000000002
Ty Johnson,18406,RB,BUF,259.82,31.65,164,384,7.0,2026-08-21,3915411.0,6039.0,32018.0,00-0035537,170.52,-89.29999999999998
Tennessee Titans,8300,DST,TEN,260.78,63.85,188,355,9.0,2026-08-21,,,,,,
Blake Grupe,25533,K,IND,261.14,54.69,205,353,13.0,2026-08-21,4259619.0,11058.0,40296.0,00-0038905,170.12,-91.01999999999998
Chicago Bears,8050,DST,CHI,261.42,50.07,171,355,10.0,2026-08-21,,,,,,
Trey Benson,25388,RB,ARI,261.57,37.59,148,349,14.0,2026-08-21,4429275.0,11589.0,40958.0,00-0039921,,
Tampa Bay Buccaneers,8290,DST,TB,261.87,54.29,186,364,10.0,2026-08-21,,,,,,
Brandon Aiyuk,19252,WR,SF,262.46,47.85,136,378,8.0,2026-08-21,4360438.0,6803.0,32695.0,00-0036261,,
Xavier Legette,26136,WR,CAR,263.46,34.03,195,367,5.0,2026-08-21,4430034.0,11626.0,40890.0,00-0039342,170.67,-92.78999999999999
Cincinnati Bengals,8060,DST,CIN,263.46,58.67,190,356,6.0,2026-08-21,,,,,,
Jordan James,27310,RB,SF,263.71,35.3,177,400,8.0,2026-08-21,4685397.0,12467.0,,00-0040177,170.83,-92.87999999999997
Colby Parkinson,19372,TE,LAR,264.34,21.76,209,352,11.0,2026-08-21,4242557.0,6865.0,32803.0,00-0036244,170.42,-93.91999999999999
Marvin Mims Jr.,23080,WR,DEN,264.94,28.09,210,371,10.0,2026-08-21,4686472.0,9494.0,40090.0,00-0038976,170.12,-94.82
LeQuint Allen Jr.,27285,RB,JAC,265.14,29.95,157,327,7.0,2026-08-21,4911851.0,12544.0,,00-0040238,170.36,-94.77999999999997
Wil Lutz,16026,K,DEN,266.78,30.12,182,333,10.0,2026-08-21,2985659.0,3678.0,29754.0,00-0032569,169.71,-97.06999999999996
Tyquan Thornton,22913,WR,KC,266.8,32.26,166,346,5.0,2026-08-21,4362921.0,8188.0,34005.0,00-0038104,170.37,-96.43
Chris Brooks,25823,RB,GB,267.22,30.24,189,320,11.0,2026-08-21,3149687.0,11370.0,40625.0,00-0038685,170.26,-96.96000000000004
DJ Giddens,27097,RB,IND,267.31,25.97,182,327,13.0,2026-08-21,4874509.0,12471.0,,00-0040179,170.25,-97.06
New Orleans Saints,8190,DST,NO,267.44,38.55,172,356,8.0,2026-08-21,,,,,,
Darius Slayton,18706,WR,NYG,267.79,29.92,205,374,8.0,2026-08-21,3916945.0,6149.0,32003.0,00-0035535,170.4,-97.39000000000001
Isaiah Williams,26379,WR,NYJ,268.0,18.99,247,293,13.0,2026-08-21,4569371.0,11608.0,41421.0,00-0039451,169.98,-98.02000000000001
Samaje Perine,16423,RB,CIN,268.6,41.42,156,413,6.0,2026-08-21,3116389.0,4147.0,30227.0,00-0033526,170.87,-97.73000000000002
Tua Tagovailoa,19198,QB,ATL,269.19,33.31,139,346,11.0,2026-08-21,4241479.0,6768.0,32675.0,00-0036212,170.03,-99.16
Atlanta Falcons,8010,DST,ATL,270.19,41.12,167,356,11.0,2026-08-21,,,,,,
New York Giants,8200,DST,NYG,270.26,61.34,183,386,8.0,2026-08-21,,,,,,
Najee Harris,19302,RB,NYG,271.0,42.51,162,343,8.0,2026-08-21,4241457.0,7528.0,33412.0,00-0036893,169.93,-101.07
Mason Taylor,26005,TE,NYJ,271.47,29.67,196,353,13.0,2026-08-21,4808766.0,12498.0,,00-0040736,170.07,-101.40000000000003
Devin Neal,23682,RB,NO,272.78,39.47,182,370,8.0,2026-08-21,4682652.0,12476.0,,00-0040202,,
Darren Waller,14104,TE,CAR,273.3,40.54,203,361,5.0,2026-08-21,2576925.0,2505.0,28592.0,00-0031610,170.29,-103.01000000000002
Trey Smack,28507,K,GB,273.44,53.0,212,372,11.0,2026-08-21,,,,,,
Khalil Herbert,22763,RB,SF,273.67,26.28,246,309,8.0,2026-08-21,4035886.0,7608.0,33605.0,00-0036906,,
Tyreek Hill,15802,WR,FA,274.46,41.92,163,350,,2026-08-21,3116406.0,3321.0,29399.0,00-0033040,,
Mike Gesicki,17272,TE,CIN,276.0,23.89,229,351,6.0,2026-08-21,3116164.0,4993.0,31012.0,00-0034829,170.39,-105.61000000000001
Indianapolis Colts,8130,DST,IND,277.05,43.92,170,356,13.0,2026-08-21,,,,,,
Eli Stowers,23144,TE,PHI,277.63,33.82,207,372,10.0,2026-08-21,4431574.0,13349.0,,00-0041483,169.91,-107.72
Brashard Smith,27259,RB,KC,277.88,26.35,156,338,5.0,2026-08-21,4596602.0,12455.0,,00-0040078,170.12,-107.75999999999999
Kyle Williams,27487,WR,NE,278.04,32.92,210,375,11.0,2026-08-21,4613202.0,12547.0,,00-0040131,169.94,-108.10000000000002
Mack Hollins,16489,WR,NE,278.18,33.84,205,380,11.0,2026-08-21,2991662.0,4177.0,30231.0,00-0033555,169.94,-108.24000000000001
Kaleb Johnson,27165,RB,PIT,278.4,31.97,164,360,9.0,2026-08-21,4819231.0,12504.0,,00-0040142,170.08,-108.31999999999996
Malik Davis,24205,RB,DAL,278.54,27.54,184,358,14.0,2026-08-21,4240603.0,8800.0,34610.0,00-0037563,,
Carolina Panthers,8040,DST,CAR,278.67,56.07,171,366,5.0,2026-08-21,,,,,,
Andrei Iosivas,25335,WR,CIN,278.74,34.12,176,351,6.0,2026-08-21,4368003.0,10226.0,40211.0,00-0038619,170.09,-108.65
Nick Folk,9491,K,ATL,278.78,46.39,210,365,11.0,2026-08-21,10621.0,650.0,8432.0,00-0025565,170.22,-108.55999999999997
Theo Johnson,23104,TE,NYG,278.79,29.23,196,357,8.0,2026-08-21,4429148.0,11597.0,41003.0,00-0039847,170.28,-108.51000000000002
Las Vegas Raiders,8220,DST,LV,280.8,72.05,151,360,13.0,2026-08-21,,,,,,
Ty Chandler,19471,RB,NO,281.0,26.17,248,312,8.0,2026-08-21,4242431.0,8230.0,34125.0,00-0037276,,
Jake Moody,24009,K,FA,282.0,39.81,249,347,,2026-08-21,4372066.0,10937.0,40129.0,00-0038562,,
Charlie Smyth,26444,K,NO,282.48,40.2,201,363,8.0,2026-08-21,,,,,,
Jahan Dotson,23101,WR,ATL,283.16,55.76,149,384,11.0,2026-08-21,4361409.0,8119.0,33971.0,00-0037741,170.5,-112.66000000000003
Seth McGowan,23079,RB,IND,283.88,33.63,182,343,13.0,2026-08-21,4686468.0,13424.0,,00-0041125,170.18,-113.69999999999999
Roman Hemby,25387,RB,LV,286.0,7.0,279,293,13.0,2026-08-21,4688835.0,13416.0,,00-0040998,,
Hollywood Brown,18226,WR,PHI,287.28,21.17,232,350,10.0,2026-08-21,4241372.0,5848.0,31857.0,00-0035662,169.95,-117.32999999999998
Adam Randall,24367,RB,BAL,287.57,30.79,189,338,13.0,2026-08-21,4685526.0,13302.0,,00-0040888,170.39,-117.18
Jake Tonges,24778,TE,SF,287.84,26.99,236,345,8.0,2026-08-21,4259147.0,8698.0,34374.0,00-0037112,170.46,-117.37999999999997
Skyler Bell,28126,WR,BUF,288.78,29.49,223,384,7.0,2026-08-21,4683153.0,13402.0,,00-0041443,169.94,-118.83999999999997
Michael Penix Jr.,22973,QB,ATL,289.06,28.16,179,347,11.0,2026-08-21,4360423.0,11559.0,40889.0,00-0039917,170.06,-119.0
Jalen Tolbert,23770,WR,MIA,289.14,55.69,151,389,6.0,2026-08-21,4249417.0,8117.0,34044.0,00-0037666,170.52,-118.61999999999998
Tyler Bass,19760,K,BUF,289.25,53.27,193,409,7.0,2026-08-21,3917232.0,7042.0,32858.0,00-0036162,169.57,-119.68
Kirk Cousins,11177,QB,LV,289.61,30.37,179,349,13.0,2026-08-21,14880.0,1166.0,25812.0,00-0029604,169.95,-119.66000000000003
Kendre Miller,24360,RB,NO,290.13,36.35,177,394,8.0,2026-08-21,4599739.0,9757.0,40108.0,00-0038551,170.18,-119.94999999999999
Jake Elliott,16540,K,PHI,290.22,46.88,205,382,10.0,2026-08-21,3050478.0,4195.0,30266.0,00-0033787,168.74,-121.48000000000002
Isaiah Bond,24371,WR,CLE,290.99,29.68,220,397,11.0,2026-08-21,4808839.0,12503.0,,00-0040782,169.96,-121.03
Brandon McManus,13274,K,FA,291.8,75.17,197,394,,2026-08-21,16339.0,1433.0,27120.0,00-0029822,,
Emari Demercado,25654,RB,KC,291.91,26.98,182,380,5.0,2026-08-21,4362478.0,11199.0,40430.0,00-0038705,170.34,-121.57000000000002
Chris Brazzell II,28047,WR,CAR,292.0,35.59,233,367,5.0,2026-08-21,5091739.0,13353.0,,00-0041047,,
Deshaun Watson,16398,QB,CLE,292.74,25.81,229,348,11.0,2026-08-21,3122840.0,4017.0,30125.0,00-0033537,170.04,-122.70000000000002
Jeremy McNichols,16445,RB,WAS,293.25,61.18,237,389,7.0,2026-08-21,3127586.0,4219.0,30275.0,00-0033955,,
Daniel Carlson,17420,K,LV,293.67,62.07,213,404,13.0,2026-08-21,3051909.0,5095.0,31137.0,00-0034161,,
Devin Singletary,18280,RB,NYG,293.95,21.73,225,364,8.0,2026-08-21,4040761.0,6130.0,31906.0,00-0035250,,
Jerome Ford,22921,RB,WAS,295.27,24.2,219,330,7.0,2026-08-21,4372019.0,8143.0,34112.0,00-0037267,,
Spencer Shrader,26763,K,IND,295.33,37.14,258,346,13.0,2026-08-21,,,,,,
DeMario Douglas,25304,WR,NE,295.65,52.84,176,423,11.0,2026-08-21,4427095.0,9501.0,40222.0,00-0038621,170.14,-125.50999999999999
Zane Gonzalez,16548,K,FA,296.63,60.81,203,407,,2026-08-21,3043234.0,4233.0,30337.0,00-0033862,,
Oscar Delp,25430,TE,NO,297.85,36.15,209,370,8.0,2026-08-21,4702559.0,13319.0,,00-0041041,169.97,-127.88000000000002
Shedeur Sanders,25968,QB,CLE,298.07,27.76,214,350,11.0,2026-08-21,4432762.0,12524.0,,00-0040668,169.64,-128.43
Darnell Washington,22967,TE,PIT,298.1,30.91,225,396,9.0,2026-08-21,4430802.0,9479.0,40094.0,00-0038558,169.5,-128.60000000000002
Bryce Lance,28129,WR,NO,298.24,42.97,209,387,8.0,2026-08-21,4879276.0,13420.0,,00-0041067,169.98,-128.26000000000002
Konata Mumpfield,27449,WR,LAR,299.42,29.88,247,378,11.0,2026-08-21,4710855.0,12718.0,,00-0040590,169.96,-129.46
Washington Commanders,8310,DST,WAS,300.2,85.67,191,402,7.0,2026-08-21,,,,,,
Xavier Hutchinson,25332,WR,HOU,300.33,61.12,178,384,8.0,2026-08-21,4686422.0,10218.0,40232.0,00-0038618,170.08,-130.24999999999997
Isaac Guerendo,26392,RB,SF,301.06,27.39,228,381,8.0,2026-08-21,4372561.0,11651.0,40998.0,00-0039363,170.15,-130.91
Charlie Kolar,22756,TE,LAC,301.23,40.42,226,367,7.0,2026-08-21,4241263.0,8127.0,34084.0,00-0038046,169.98,-131.25000000000003
Jaleel McLaughlin,25876,RB,DEN,301.31,30.44,222,383,10.0,2026-08-21,4722893.0,11439.0,40696.0,00-0038794,,
Bam Knight,24901,RB,ARI,301.44,42.19,201,394,14.0,2026-08-21,4427728.0,8122.0,34357.0,00-0037157,170.11,-131.32999999999998
Tahj Brooks,26212,RB,CIN,301.52,23.06,231,354,6.0,2026-08-21,4429299.0,12543.0,,00-0040208,170.18,-131.33999999999997
Trevor Etienne,25393,RB,CAR,301.61,20.91,219,343,5.0,2026-08-21,4685350.0,12531.0,,00-0040644,170.04,-131.57000000000002
Kyle Juszczyk,11798,RB,SF,302.0,64.36,197,364,8.0,2026-08-21,16002.0,1379.0,26753.0,00-0029892,169.92,-132.08
Michael Mayer,23056,TE,LV,303.3,33.03,249,373,13.0,2026-08-21,4429086.0,9482.0,40065.0,00-0039066,170.45,-132.85000000000002
Eli Heidenreich,28297,RB,PIT,304.42,31.82,257,372,9.0,2026-08-21,5081508.0,13423.0,,00-0041490,,
Audric Estime,23054,RB,NO,305.16,24.63,250,369,8.0,2026-08-21,4569682.0,11579.0,41019.0,00-0039373,,
Joe Mixon,16420,RB,FA,305.5,34.21,153,365,,2026-08-21,3116385.0,4018.0,30161.0,00-0033897,,
Chad Ryland,25354,K,ARI,306.0,75.68,197,393,14.0,2026-08-21,4363538.0,10955.0,40159.0,00-0038567,169.89,-136.11
Ryan Fitzgerald,27261,K,CAR,306.0,70.88,213,408,5.0,2026-08-21,,,,,,
Jalen Reagor,19219,WR,MIA,306.0,17.0,289,323,6.0,2026-08-21,4241802.0,6798.0,32691.0,00-0036387,,
Mitch Tinsley,24370,WR,CIN,307.0,21.0,286,328,6.0,2026-08-21,4690070.0,11068.0,40313.0,00-0038839,169.97,-137.03
Jarquez Hunter,24335,RB,LAR,308.24,19.41,263,379,11.0,2026-08-21,4710341.0,11569.0,,00-0040692,,
Elijah Arroyo,23004,TE,SEA,309.68,30.99,203,369,11.0,2026-08-21,4678006.0,12521.0,,00-0040739,169.89,-139.79000000000002
Roman Wilson,28896,WR,PIT,310.08,51.99,237,385,9.0,2026-08-21,,,,,,
Tez Johnson,27147,WR,TB,310.61,30.98,225,371,10.0,2026-08-21,4608810.0,12485.0,,00-0040237,169.97,-140.64000000000001
Kendrick Bourne,17066,WR,ARI,311.1,56.6,190,446,14.0,2026-08-21,3045523.0,4454.0,30551.0,00-0033307,170.0,-141.10000000000002
Olamide Zaccheaus,18864,WR,ATL,311.38,28.68,247,368,11.0,2026-08-21,3917914.0,6271.0,32123.0,00-0035208,169.98,-141.4
Raheim Sanders,24351,RB,CLE,311.82,33.93,237,383,11.0,2026-08-21,4601080.0,12472.0,,00-0040466,,
Cedric Tillman,25287,WR,CLE,311.95,33.41,254,391,11.0,2026-08-21,4369863.0,10444.0,40093.0,00-0038979,169.97,-141.98
Joshua Palmer,22845,WR,BUF,312.29,36.94,223,370,7.0,2026-08-21,4242433.0,7670.0,33465.0,00-0036988,169.93,-142.36
Jalen Royals,27076,WR,KC,312.36,28.97,259,374,5.0,2026-08-21,5082630.0,12505.0,,00-0040646,169.98,-142.38000000000002
Brandin Cooks,12122,WR,FA,312.5,30.5,282,343,,2026-08-21,16731.0,2197.0,27548.0,00-0031236,,
Calvin Austin III,23739,WR,NYG,312.94,39.96,252,410,8.0,2026-08-21,4243389.0,8125.0,34094.0,00-0037837,169.96,-142.98
Will Shipley,22930,RB,PHI,313.57,24.75,240,363,10.0,2026-08-21,4431545.0,11577.0,41002.0,00-0039746,170.14,-143.43
Phil Mafah,22928,RB,DAL,313.93,37.29,232,399,14.0,2026-08-21,4431562.0,12738.0,,00-0040021,170.11,-143.82
Ashton Dulin,18656,WR,IND,314.67,24.18,287,367,13.0,2026-08-21,4061956.0,6427.0,32292.0,00-0035021,170.11,-144.56
Brenen Thompson,28133,WR,LAC,314.93,37.71,258,397,7.0,2026-08-21,4685553.0,13380.0,,00-0041550,169.96,-144.97
Noah Whittington,28115,RB,HOU,315.33,50.28,265,384,8.0,2026-08-21,4432631.0,13437.0,,00-0041312,,
Cash Jones,28124,RB,ATL,315.33,40.02,267,365,11.0,2026-08-21,4881826.0,13595.0,,00-0041191,,
Kareem Hunt,16425,RB,FA,315.79,28.91,242,421,,2026-08-21,3059915.0,4098.0,30199.0,00-0033923,,
Tyler Goodson,22976,RB,ATL,316.0,33.26,263,354,11.0,2026-08-21,4429676.0,8207.0,34261.0,00-0037120,,
Joey Slye,19028,K,TEN,317.14,63.91,212,403,9.0,2026-08-21,3124084.0,6528.0,32384.0,00-0035192,169.86,-147.27999999999997
Kalif Raymond,16081,WR,CHI,317.63,42.45,230,379,10.0,2026-08-21,2973405.0,3634.0,29631.0,00-0032464,169.95,-147.68
KaVontae Turpin,18520,WR,DAL,318.0,52.61,218,433,14.0,2026-08-21,3676833.0,8917.0,34709.0,00-0037801,169.89,-148.11
Hunter Luepke,25941,RB,DAL,318.0,52.43,264,389,14.0,2026-08-21,4383396.0,11510.0,40780.0,00-0038738,169.96,-148.04
Sione Vaki,26309,RB,DET,318.38,28.28,275,381,6.0,2026-08-21,4912274.0,11729.0,41006.0,00-0039364,,
Malik Benson,26012,WR,LV,318.56,61.62,232,435,13.0,2026-08-21,5150247.0,13329.0,,00-0040894,169.98,-148.58
Will Kacmarek,28403,TE,MIA,319.0,1.0,318,320,6.0,2026-08-21,4880236.0,13434.0,,00-0041524,169.98,-149.02
Erick All Jr.,23837,TE,CIN,319.18,34.37,261,410,6.0,2026-08-21,4427834.0,11592.0,40989.0,00-0039814,170.02,-149.16
Carson Beck,22953,QB,ARI,319.43,20.84,284,372,14.0,2026-08-21,4430841.0,13272.0,,00-0041561,169.85,-149.58
Cedrick Wilson Jr.,17262,WR,DET,320.0,34.0,286,354,6.0,2026-08-21,4036335.0,5113.0,31178.0,00-0034418,,
New York Jets,8210,DST,NYJ,320.2,81.0,191,431,13.0,2026-08-21,,,,,,
Luke McCaffrey,26328,WR,WAS,320.35,33.86,270,403,7.0,2026-08-21,4426948.0,11650.0,40964.0,00-0039355,169.92,-150.43000000000004
Reggie Virgil,28141,WR,ARI,320.5,53.5,267,374,14.0,2026-08-21,4869132.0,13297.0,,00-0041070,169.98,-150.52
Nick Westbrook-Ikhine,19747,WR,IND,320.57,57.68,199,413,13.0,2026-08-21,3929785.0,7496.0,33348.0,00-0036182,170.04,-150.53
J.J. McCarthy,23018,QB,MIN,321.02,20.72,238,360,6.0,2026-08-21,4433970.0,11565.0,40905.0,00-0039923,169.61,-151.40999999999997
Barion Brown,25416,WR,NO,321.4,35.72,269,371,8.0,2026-08-21,4698597.0,13533.0,,00-0041099,169.95,-151.45
Kevin Coleman Jr.,28067,WR,MIA,321.61,44.86,237,420,6.0,2026-08-21,4685307.0,13338.0,,00-0041529,169.99,-151.62
Tyler Higbee,15623,TE,LAR,321.64,26.41,259,376,11.0,2026-08-21,2573401.0,3271.0,29344.0,00-0033110,169.86,-151.77999999999997
Scotty Miller,18714,WR,CHI,322.5,60.5,262,383,10.0,2026-08-21,3914397.0,6290.0,32040.0,00-0035298,,
Devontez Walker,26011,WR,BAL,322.8,53.99,267,451,13.0,2026-08-21,4696882.0,11629.0,40991.0,00-0039792,169.96,-152.84
Treylon Burks,22905,WR,WAS,322.91,47.14,225,409,7.0,2026-08-21,4567156.0,8135.0,33973.0,00-0037742,169.98,-152.93000000000004
Jaret Patterson,20155,RB,LAC,323.5,34.5,289,358,7.0,2026-08-21,4362452.0,7537.0,33706.0,00-0036755,,
Zavier Scott,25748,RB,MIN,323.6,40.21,254,378,6.0,2026-08-21,4257364.0,11299.0,,00-0038440,,
Eli Raridon,28154,TE,NE,323.66,34.12,256,412,11.0,2026-08-21,4831959.0,13421.0,,00-0041395,169.95,-153.71000000000004
Tutu Atwell,20126,WR,MIA,324.5,52.46,227,424,6.0,2026-08-21,4360797.0,7562.0,33445.0,00-0036849,170.09,-154.41
John Metchie III,22895,WR,CAR,324.8,43.92,277,416,5.0,2026-08-21,4567096.0,8147.0,33999.0,00-0037614,,
Jawhar Jordan,26329,RB,HOU,325.0,44.25,226,408,8.0,2026-08-21,4429939.0,11588.0,41064.0,00-0039405,170.15,-154.85
Dylan Laube,26194,RB,LV,325.0,51.46,261,387,13.0,2026-08-21,4366963.0,11574.0,41054.0,00-0039407,170.1,-154.9
Cole Kmet,19229,TE,CHI,325.17,22.97,274,381,10.0,2026-08-21,4258595.0,6826.0,32713.0,00-0036290,169.7,-155.47000000000003
Jam Miller,27326,RB,NE,325.6,41.58,263,377,11.0,2026-08-21,4685477.0,13403.0,,00-0041129,,
Dont'e Thornton Jr.,27288,WR,LV,325.87,31.92,277,384,13.0,2026-08-21,4432775.0,12541.0,,00-0040581,169.99,-155.88
John Bates,22833,TE,WAS,326.22,45.48,274,432,7.0,2026-08-21,4048228.0,7716.0,33512.0,00-0036628,169.99,-156.23000000000002
Miami Dolphins,8160,DST,MIA,326.22,55.43,187,392,6.0,2026-08-21,,,,,,
Rasheen Ali,25983,RB,BAL,326.57,27.29,294,383,13.0,2026-08-21,4690013.0,11570.0,41033.0,00-0039796,170.08,-156.48999999999998
Noah Gray,19539,TE,KC,328.09,24.74,281,369,5.0,2026-08-21,4240472.0,7828.0,33550.0,00-0036637,169.9,-158.18999999999997
Michael Carter,22728,RB,TEN,328.26,38.71,217,415,9.0,2026-08-21,4240657.0,7607.0,33495.0,00-0036924,,
J'Mari Taylor,28109,RB,JAC,328.69,26.02,283,378,7.0,2026-08-21,4713118.0,13348.0,,00-0041217,,
Ben Sauls,27798,K,NYG,328.83,66.9,259,453,8.0,2026-08-21,,,,,,
Frank Gore Jr.,25980,RB,BUF,329.33,36.74,281,370,7.0,2026-08-21,4429805.0,11573.0,41243.0,00-0039471,,
Max Klare,27993,TE,LAR,329.78,25.49,281,380,11.0,2026-08-21,4833029.0,13278.0,,00-0041510,169.98,-159.79999999999998
Robert Henry Jr.,28404,RB,WAS,330.0,57.55,253,398,7.0,2026-08-21,5151317.0,13418.0,,00-0041178,,
Ja'Tavion Sanders,24334,TE,CAR,330.48,29.25,268,399,5.0,2026-08-21,4431588.0,11600.0,40995.0,00-0039356,169.93,-160.55
Ronnie Rivers,23986,RB,LAR,330.5,35.34,279,368,11.0,2026-08-21,4243003.0,8195.0,34310.0,00-0037557,,
Reggie Gilliam,19844,RB,NE,330.5,45.27,283,393,11.0,2026-08-21,4039505.0,7204.0,33357.0,00-0036187,169.97,-160.53
Nick Chubb,17246,RB,FA,331.12,29.38,275,401,,2026-08-21,3128720.0,4988.0,31005.0,00-0034791,,
Jordan Watkins,27486,WR,SF,333.0,1.0,332,334,8.0,2026-08-21,4431466.0,12634.0,,00-0040172,,
Demarcus Robinson,15665,WR,SF,333.3,49.55,267,414,8.0,2026-08-21,3043116.0,3286.0,29360.0,00-0032775,169.97,-163.33
Donovan Edwards,23014,RB,MIA,333.33,43.93,275,381,6.0,2026-08-21,4431536.0,12515.0,,00-0040400,,
Zavion Thomas,28132,WR,CHI,333.44,45.01,272,441,10.0,2026-08-21,4869748.0,13411.0,,00-0041051,169.94,-163.5
Odell Beckham Jr.,12127,WR,NYG,333.8,29.32,286,362,8.0,2026-08-21,16733.0,2078.0,27540.0,00-0031235,169.21,-164.59
Dawson Knox,18631,TE,BUF,333.88,31.12,274,415,7.0,2026-08-21,3930086.0,5906.0,31928.0,00-0035689,169.74,-164.14
Mac Jones,20156,QB,SF,333.97,26.09,287,443,8.0,2026-08-21,4241464.0,7527.0,33403.0,00-0036972,169.95,-164.02000000000004
Jahdae Walker,27810,WR,CHI,334.0,22.63,302,350,10.0,2026-08-21,5160110.0,13079.0,,00-0040277,169.95,-164.05
CJ Daniels,28125,WR,LAR,334.75,40.55,269,418,11.0,2026-08-21,4605951.0,,,00-0041399,169.96,-164.79
Tommy Myers,25167,TE,FA,335.33,55.92,254,426,,2026-08-21,,,,,,
Elijah Moore,20114,WR,PHI,336.0,42.71,300,396,10.0,2026-08-21,4372414.0,7596.0,33422.0,00-0036980,,
Justin Joly,28079,TE,DEN,336.33,31.56,261,386,10.0,2026-08-21,4912052.0,13400.0,,00-0041077,169.97,-166.35999999999999
Xavier Restrepo,27066,WR,TEN,337.25,38.52,288,396,9.0,2026-08-21,4431353.0,12520.0,,00-0040522,,
Savion Williams,27144,WR,GB,337.4,34.65,292,444,11.0,2026-08-21,4431487.0,12482.0,,00-0040009,170.18,-167.21999999999997
Theo Wease Jr.,27222,WR,MIA,338.0,66.97,255,419,6.0,2026-08-21,4426535.0,12860.0,,00-0040311,,
Michael Woods II,23893,WR,DEN,338.0,58.0,280,396,10.0,2026-08-21,4360174.0,8202.0,34158.0,00-0037300,,
Roschon Johnson,25322,RB,CHI,338.5,33.4,276,390,10.0,2026-08-21,4426386.0,10235.0,40162.0,00-0039021,,
Jaydn Ott,25394,RB,KC,339.0,51.0,288,390,5.0,2026-08-21,4685489.0,13419.0,,00-0040959,,
Colbie Young,26037,WR,CIN,339.71,32.18,291,379,6.0,2026-08-21,5092508.0,13477.0,,00-0041069,169.95,-169.76
Jeremy Ruckert,23742,TE,NYJ,341.0,41.0,300,382,13.0,2026-08-21,4361372.0,8145.0,34057.0,00-0037805,169.98,-171.02
Van Jefferson,19483,WR,WAS,341.33,26.03,307,370,7.0,2026-08-21,3930066.0,6853.0,32727.0,00-0036415,,
Justin Fields,19781,QB,KC,341.64,23.33,293,389,5.0,2026-08-21,4362887.0,7591.0,33399.0,00-0036945,169.92,-171.72
Anthony Richardson Sr.,24347,QB,IND,343.41,23.33,292,386,13.0,2026-08-21,4429084.0,9229.0,40040.0,00-0039164,169.97,-173.44000000000003
Greg Dortch,18585,WR,DET,344.0,41.26,265,387,6.0,2026-08-21,4037235.0,5970.0,32523.0,00-0035500,169.97,-174.03
Noah Fant,17527,TE,NO,344.05,22.51,290,372,8.0,2026-08-21,4036131.0,5857.0,31852.0,00-0035644,169.95,-174.10000000000002
Joe Flacco,9300,QB,CIN,344.63,27.73,296,398,6.0,2026-08-21,11252.0,19.0,8795.0,00-0026158,169.94,-174.69
David Sills V,18566,WR,TB,345.5,16.5,329,362,10.0,2026-08-21,3871102.0,6154.0,32418.0,00-0035359,,
Ty Simpson,25368,QB,LAR,345.58,23.29,294,386,11.0,2026-08-21,4685522.0,13275.0,,00-0041568,169.93,-175.64999999999998
Marlin Klein,28157,TE,HOU,345.75,11.05,334,360,8.0,2026-08-21,4695705.0,13307.0,,00-0041472,169.98,-175.77
Jaylin Lane,27454,WR,WAS,346.78,32.29,298,411,7.0,2026-08-21,4602667.0,12641.0,,00-0040164,169.99,-176.78999999999996
Jimmy Horn Jr.,27294,WR,CAR,347.0,0.0,347,347,5.0,2026-08-21,4708486.0,12523.0,,00-0040218,169.97,-177.03
Dameon Pierce,22947,RB,PHI,347.57,24.78,311,381,10.0,2026-08-21,4360238.0,8129.0,34063.0,00-0037258,,
Tommy Tremble,22795,TE,CAR,348.07,29.09,298,402,5.0,2026-08-21,4372780.0,7694.0,33471.0,00-0037005,169.95,-178.12
Travis Homer,18616,RB,PIT,349.0,17.0,332,366,9.0,2026-08-21,4037457.0,6012.0,32036.0,00-0035594,,
Austin Ekeler,16483,RB,FA,349.07,29.12,296,391,,2026-08-21,3068267.0,4663.0,30423.0,00-0033699,,
Myles Montgomery,28450,RB,FA,349.5,54.5,295,404,,2026-08-21,,,,,,
Marcus Mariota,13890,QB,WAS,349.62,28.53,297,398,7.0,2026-08-21,2576980.0,2307.0,28390.0,00-0032268,169.99,-179.63
Jameis Winston,13891,QB,NYG,349.65,21.99,321,398,8.0,2026-08-21,2969939.0,2306.0,28389.0,00-0031503,169.92,-179.73
Tai Felton,27182,WR,MIN,350.6,55.82,298,456,6.0,2026-08-21,4565185.0,12496.0,,00-0040154,169.96,-180.64000000000001
Juice Wells Jr.,27218,WR,ATL,351.0,82.9,256,458,11.0,2026-08-21,4696062.0,12460.0,,00-0040438,,
Terrell Jennings,26964,RB,FA,351.2,34.38,314,406,,2026-08-21,,,,,,
Quinn Ewers,23680,QB,MIA,351.75,9.15,343,367,6.0,2026-08-21,4889929.0,12500.0,,00-0040234,169.96,-181.79
Jonnu Smith,16460,TE,FA,352.2,52.84,276,429,,2026-08-21,3054212.0,4144.0,30213.0,00-0033858,,
Tyler Lockett,13971,WR,LV,352.33,42.76,314,412,13.0,2026-08-21,2577327.0,2374.0,28457.0,00-0032211,,
Cade Klubnik,24361,QB,NYJ,352.4,27.42,319,398,13.0,2026-08-21,4685413.0,13303.0,,00-0041056,169.94,-182.45999999999998
Miles Sanders,18283,RB,FA,352.67,67.4,286,445,,2026-08-21,4045163.0,6151.0,31885.0,00-0035243,,
Miles Davis,28906,RB,CAR,353.0,45.24,284,394,5.0,2026-08-21,,,,,,
Jordan Whittington,23135,WR,LAR,353.5,40.9,298,442,11.0,2026-08-21,4569382.0,11623.0,41083.0,00-0039751,169.94,-183.56
Joe Milton III,25967,QB,DAL,354.0,20.42,319,388,14.0,2026-08-21,4360698.0,11557.0,41060.0,00-0039398,,
Ben Sinnott,26310,TE,WAS,354.0,15.66,331,379,7.0,2026-08-21,4690923.0,11596.0,40931.0,00-0039912,169.99,-184.01
Austin Hooper,15581,TE,ATL,354.0,22.78,314,390,11.0,2026-08-21,3043275.0,3202.0,29315.0,00-0032392,169.97,-184.03
Tanner Koziol,27499,TE,JAC,354.0,34.42,290,390,7.0,2026-08-21,4917427.0,13408.0,,00-0041084,169.99,-184.01
Jacob Cowing,25289,WR,SF,354.0,68.37,259,449,8.0,2026-08-21,4575665.0,11616.0,40996.0,00-0039365,,
Daniel Bellinger,24238,TE,TEN,355.0,29.21,309,401,9.0,2026-08-21,4361516.0,8225.0,34068.0,00-0038115,169.98,-185.02
Luke Musgrave,25282,TE,GB,355.64,23.42,293,386,11.0,2026-08-21,4428085.0,9481.0,40074.0,00-0039144,169.94,-185.7
Tim Patrick,16556,WR,NYJ,356.25,31.66,318,397,13.0,2026-08-21,3134353.0,4351.0,30511.0,00-0033375,,
Riley Leonard,25373,QB,IND,356.29,21.43,324,382,13.0,2026-08-21,4683423.0,12470.0,,00-0040206,169.98,-186.31000000000003
Gardner Minshew II,18562,QB,ARI,356.33,15.43,335,371,14.0,2026-08-21,4038524.0,6011.0,32010.0,00-0035289,,
Matt Hibner,28168,TE,BAL,358.0,6.16,351,366,13.0,2026-08-21,,,,,,
Mason Rudolph,17234,QB,PIT,358.0,28.0,330,386,9.0,2026-08-21,3116407.0,4972.0,31046.0,00-0034771,,
Arizona Cardinals,8000,DST,ARI,358.0,4.0,354,362,14.0,2026-08-21,,,,,,
Mitchell Evans,27138,TE,CAR,359.56,24.58,297,395,5.0,2026-08-21,4683243.0,12473.0,,00-0040187,,
Mo Alie-Cox,16579,TE,IND,360.0,2.0,358,362,13.0,2026-08-21,2998565.0,4054.0,30112.0,00-0033217,169.96,-190.04
Elijah Mitchell,22813,RB,FA,360.67,72.35,287,459,,2026-08-21,4241555.0,7561.0,33582.0,00-0036567,,
Josh Oliver,18487,TE,MIN,361.0,1.63,359,363,6.0,2026-08-21,3921690.0,5973.0,31901.0,00-0035249,169.93,-191.07
Sam Roush,28161,TE,CHI,364.0,20.7,335,382,10.0,2026-08-21,4685504.0,13322.0,,00-0041558,169.97,-194.03
Damien Martinez,25976,RB,GB,365.5,25.82,335,411,11.0,2026-08-21,4808830.0,12462.0,,00-0040651,,
Zach Ertz,11689,TE,FA,365.67,34.38,320,425,,2026-08-21,15835.0,1339.0,26658.0,00-0030061,,
DeAndre Hopkins,11606,WR,BAL,365.75,56.56,307,450,13.0,2026-08-21,15795.0,1426.0,26650.0,00-0030564,,
Deion Burks,27093,WR,IND,367.0,43.25,319,454,13.0,2026-08-21,4683151.0,13333.0,,00-0041132,,
Jalen Milroe,22884,QB,SEA,367.67,14.38,357,388,11.0,2026-08-21,4432734.0,12510.0,,00-0040673,,
Antonio Gibson,19624,RB,FA,370.4,40.48,326,434,,2026-08-21,4360294.0,6945.0,32736.0,00-0036328,,
Taysom Hill,17115,TE,FA,370.67,53.75,309,440,,2026-08-21,2468609.0,4381.0,30614.0,00-0033357,,
Nate Boerkircher,28427,TE,JAC,371.5,12.46,361,392,7.0,2026-08-21,4686248.0,13299.0,,00-0041503,169.97,-201.53
Adam Trautman,19423,TE,DEN,373.0,24.57,353,414,10.0,2026-08-21,3911853.0,6869.0,32775.0,00-0036422,169.95,-203.05
Drew Sample,18561,TE,CIN,373.0,9.0,364,382,6.0,2026-08-21,3127310.0,6001.0,31884.0,00-0035631,169.98,-203.02
Elijah Higgins,23119,TE,ARI,373.13,23.48,355,428,14.0,2026-08-21,4426844.0,10231.0,40226.0,00-0039041,169.94,-203.19
Jackson Hawes,27469,TE,BUF,374.0,13.07,356,395,7.0,2026-08-21,4573699.0,12658.0,,00-0040194,169.95,-204.05
Marquez Valdes-Scantling,17528,WR,DAL,375.0,39.67,318,430,14.0,2026-08-21,3051738.0,5086.0,31144.0,00-0034272,,
Tyrod Taylor,10007,QB,GB,375.0,47.0,328,422,11.0,2026-08-21,14163.0,827.0,24967.0,00-0028118,169.96,-205.04
Josh Cameron,28137,WR,JAC,375.5,13.5,362,389,7.0,2026-08-21,4879194.0,13394.0,,00-0041100,,
Tyler Conklin,17598,TE,DET,376.67,10.08,363,387,6.0,2026-08-21,3915486.0,5133.0,31220.0,00-0034270,169.97,-206.70000000000002
Luke Schoonmaker,25267,TE,DAL,377.6,12.66,362,392,14.0,2026-08-21,4372096.0,10871.0,40061.0,00-0038547,169.91,-207.69000000000003
Kendrick Law,26044,WR,DET,378.5,9.5,369,388,6.0,2026-08-21,4685441.0,13412.0,,00-0041446,,
Jason Sanders,17533,K,NYJ,381.0,17.28,365,405,13.0,2026-08-21,3124679.0,5119.0,31199.0,00-0034794,169.83,-211.17
Trey Lance,20082,QB,LAC,383.0,7.0,376,390,7.0,2026-08-21,4383351.0,7610.0,33391.0,00-0037012,169.97,-213.03
JuJu Smith-Schuster,16427,WR,FA,383.5,10.5,373,394,,2026-08-21,3120348.0,4040.0,30175.0,00-0033857,,
Dyami Brown,20113,WR,WAS,384.0,31.74,346,455,7.0,2026-08-21,4361577.0,7587.0,33470.0,00-0036626,169.98,-214.02
Lil'Jordan Humphrey,18590,WR,DEN,390.0,17.0,373,407,10.0,2026-08-21,4039057.0,5938.0,32494.0,00-0035406,,
Jermaine Burton,22956,WR,FA,390.5,66.5,324,457,,2026-08-21,4429033.0,11640.0,40974.0,00-0039810,,
Michael Trigg,23167,TE,DAL,394.0,32.14,366,439,14.0,2026-08-21,4594749.0,13401.0,,00-0040939,,
