#,Name,Pos,Team,STD PTS,1/2PPR PTS,PPR PTS,Cmp,Att,Pass Yds,Pass TD,Int,Rush,Rush Yds,Run TD,Tgt,Rec,Rec Yds,Rec TD
1,Josh Allen,QB,BUF,382.9,382.9,382.9,372,532,3941,27.1,11.7,128,658,13.1,0,0,0,0.0
2,Jayden Daniels,QB,WAS,333.5,333.5,333.5,347,504,3860,25.8,9.0,143,672,5.5,0,0,0,0.0
3,Jalen Hurts,QB,PHI,328.0,328.0,328.0,357,521,3819,24.4,8.3,133,538,7.6,0,0,0,0.0
4,Dak Prescott,QB,DAL,316.2,316.2,316.2,396,571,4355,29.5,9.1,70,266,3.6,0,0,0,0.0
5,Lamar Jackson,QB,BAL,311.8,311.8,311.8,347,501,3819,26.5,11.1,124,632,3.0,0,0,0,0.0
6,Drake Maye,QB,NE,309.8,309.8,309.8,370,537,3976,25.5,10.6,113,517,4.2,0,0,0,0.0
7,Patrick Mahomes,QB,KC,300.1,300.1,300.1,372,540,3969,25.2,12.5,87,490,3.3,0,0,0,0.0
8,Caleb Williams,QB,CHI,299.8,299.8,299.8,354,533,3731,26.8,8.6,92,442,3.3,0,0,0,0.0
9,Justin Herbert,QB,LAC,294.8,294.8,294.8,372,540,3820,27.6,11.6,85,440,2.8,0,0,0,0.0
10,Matthew Stafford,QB,LAR,294.3,294.3,294.3,389,566,4276,32.1,8.9,52,63,2.0,0,0,0,0.0
11,Jordan Love,QB,GB,292.1,292.1,292.1,362,526,4008,26.7,8.4,72,311,2.5,0,0,0,0.0
12,Bo Nix,QB,DEN,289.6,289.6,289.6,402,596,4144,23.6,10.8,97,416,2.1,0,0,0,0.0
13,Joe Burrow,QB,CIN,289.4,289.4,289.4,415,598,4707,29.3,12.1,45,72,1.3,0,0,0,0.0
14,Trevor Lawrence,QB,JAC,286.4,286.4,286.4,383,574,4092,25.6,15.7,90,361,3.6,0,0,0,0.0
15,Daniel Jones,QB,IND,277.3,277.3,277.3,352,519,3695,22.8,12.1,75,262,7.3,0,0,0,0.0
16,C.J. Stroud,QB,HOU,274.8,274.8,274.8,375,547,3939,23.6,12.0,81,341,2.6,0,0,0,0.0
17,Baker Mayfield,QB,TB,274.3,274.3,274.3,355,530,3875,23.8,10.0,75,431,1.8,0,0,0,0.0
18,Jaxson Dart,QB,NYG,272.4,272.4,272.4,339,509,3288,20.8,11.5,107,550,5.1,0,0,0,0.0
19,Jared Goff,QB,DET,271.9,271.9,271.9,403,570,4353,26.7,9.1,39,82,1.2,0,0,0,0.0
20,Brock Purdy,QB,SF,269.5,269.5,269.5,382,538,3982,26.9,17.9,64,223,3.3,0,0,0,0.0
21,Kyler Murray,QB,MIN,268.6,268.6,268.6,339,484,3696,19.7,10.4,106,534,2.8,0,0,0,0.0
22,Sam Darnold,QB,SEA,266.1,266.1,266.1,381,550,4128,26.9,15.1,54,166,2.1,0,0,0,0.0
23,Tyler Shough,QB,NO,261.4,261.4,261.4,370,543,3770,20.3,12.2,80,286,5.4,0,0,0,0.0
24,Bryce Young,QB,CAR,253.2,253.2,253.2,367,540,3822,20.5,13.7,71,326,3.1,0,0,0,0.0
25,Cam Ward,QB,TEN,251.4,251.4,251.4,378,559,3930,20.7,9.0,60,228,2.7,0,0,0,0.0
26,Malik Willis,QB,MIA,236.4,236.4,236.4,350,517,2996,17.9,11.5,108,576,2.8,0,0,0,0.0
27,Aaron Rodgers,QB,PIT,232.5,232.5,232.5,381,551,3883,20.1,8.7,44,100,1.7,0,0,0,0.0
28,Jacoby Brissett,QB,ARI,220.5,220.5,220.5,326,473,3350,17.2,10.5,79,309,2.6,0,0,0,0.0
29,Geno Smith,QB,NYJ,218.5,218.5,218.5,342,504,3556,18.6,17.2,78,225,3.2,0,0,0,0.0
30,Deshaun Watson,QB,CLE,192.4,192.4,192.4,381,571,3830,17.7,12.6,13,-4,0.0,0,0,0,0.0
31,Fernando Mendoza,QB,LV,182.3,182.3,182.3,278,403,2790,13.8,8.8,70,273,1.5,0,0,0,0.0
32,Michael Penix Jr.,QB,ATL,133.9,133.9,133.9,210,305,2174,10.7,6.4,31,112,2.2,0,0,0,0.0
33,Tua Tagovailoa,QB,ATL,95.7,95.7,95.7,164,238,1689,8.6,8.3,21,39,0.8,0,0,0,0.0
34,Kirk Cousins,QB,LV,51.5,51.5,51.5,91,131,936,4.6,3.0,11,21,0.2,0,0,0,0.0
35,J.J. McCarthy,QB,MIN,20.2,20.2,20.2,31,44,339,2.0,2.3,2,4,0.0,0,0,0,0.0
36,Gardner Minshew II,QB,ARI,19.2,19.2,19.2,29,43,303,1.6,1.0,5,14,0.1,0,0,0,0.0
37,Joe Flacco,QB,CIN,13.4,13.4,13.4,19,27,215,1.2,0.8,1,1,0.0,0,0,0,0.0
38,Ty Simpson,QB,LAR,13.1,13.1,13.1,18,27,200,1.3,0.6,1,-1,0.0,0,0,0,0.0
39,Mac Jones,QB,SF,11.1,11.1,11.1,19,27,199,1.2,0.5,1,1,0.0,0,0,0,0.0
40,Riley Leonard,QB,IND,10.2,10.2,10.2,17,25,177,1.1,0.6,1,1,0.0,0,0,0,0.0
41,Mason Rudolph,QB,PIT,10.1,10.1,10.1,16,23,161,0.9,0.7,1,1,0.0,0,0,0,0.0
42,Jameis Winston,QB,NYG,8.8,8.8,8.8,15,23,150,1.0,0.7,1,2,0.0,0,0,0,0.0
43,Cade Klubnik,QB,NYJ,8.5,8.5,8.5,17,24,172,0.8,0.5,1,-1,0.0,0,0,0,0.0
44,Joe Milton III,QB,DAL,2.8,2.8,2.8,4,6,45,0.3,0.1,0,0,0.0,0,0,0,0.0
45,Joshua Dobbs,QB,DET,2.7,2.7,2.7,4,6,44,0.3,0.1,0,1,0.0,0,0,0,0.0
46,Jarrett Stidham,QB,DEN,2.6,2.6,2.6,4,6,43,0.2,0.1,1,2,0.0,0,0,0,0.0
47,Tyson Bagent,QB,CHI,2.5,2.5,2.5,4,6,41,0.3,0.1,1,1,0.0,0,0,0,0.0
48,Drew Lock,QB,SEA,2.5,2.5,2.5,4,6,45,0.3,0.1,0,0,0.0,0,0,0,0.0
49,Justin Fields,QB,KC,2.5,2.5,2.5,3,5,34,0.3,0.1,0,1,0.0,0,0,0,0.0
50,Kyle Allen,QB,BUF,2.5,2.5,2.5,4,6,45,0.3,0.1,0,0,0.0,0,0,0,0.0
51,Marcus Mariota,QB,WAS,2.5,2.5,2.5,3,5,37,0.3,0.2,0,1,0.0,0,0,0,0.0
52,Tyrod Taylor,QB,GB,2.5,2.5,2.5,4,5,41,0.2,0.1,0,0,0.0,0,0,0,0.0
53,Tanner McKee,QB,PHI,2.4,2.4,2.4,4,6,44,0.2,0.1,0,0,0.0,0,0,0,0.0
54,Nick Mullens,QB,JAC,2.4,2.4,2.4,4,6,42,0.3,0.1,0,0,0.0,0,0,0,0.0
55,Tyler Huntley,QB,BAL,2.4,2.4,2.4,4,5,41,0.3,0.1,0,1,0.0,0,0,0,0.0
56,Trey Lance,QB,LAC,2.4,2.4,2.4,4,6,43,0.2,0.1,0,1,0.0,0,0,0,0.0
57,Tommy DeVito,QB,NE,2.3,2.3,2.3,4,6,42,0.3,0.1,0,0,0.0,0,0,0,0.0
58,Davis Mills,QB,HOU,2.3,2.3,2.3,4,6,43,0.2,0.1,0,1,0.0,0,0,0,0.0
59,Jake Browning,QB,TB,2.3,2.3,2.3,4,6,45,0.2,0.1,0,1,0.0,0,0,0,0.0
60,Mitch Trubisky,QB,TEN,2.2,2.2,2.2,3,5,36,0.2,0.1,0,0,0.0,0,0,0,0.0
61,Kenny Pickett,QB,CAR,2.1,2.1,2.1,4,6,40,0.2,0.1,0,0,0.0,0,0,0,0.0
62,Shedeur Sanders,QB,CLE,2.0,2.0,2.0,4,5,37,0.2,0.2,0,1,0.0,0,0,0,0.0
63,Spencer Rattler,QB,NO,2.0,2.0,2.0,4,5,36,0.2,0.1,0,0,0.0,0,0,0,0.0
64,Quinn Ewers,QB,MIA,1.7,1.7,1.7,3,5,29,0.2,0.1,0,0,0.0,0,0,0,0.0
65,Adrian Martinez,QB,SF,0.2,0.2,0.2,0,0,3,0.0,0.0,0,0,0.0,0,0,0,0.0
66,Stetson Bennett,QB,LAR,0.2,0.2,0.2,0,0,3,0.0,0.0,0,0,0.0,0,0,0,0.0
67,Jalen Milroe,QB,SEA,0.2,0.2,0.2,0,0,3,0.0,0.0,0,0,0.0,0,0,0,0.0
68,Kyle McCord,QB,GB,0.2,0.2,0.2,0,0,2,0.0,0.0,0,0,0.0,0,0,0,0.0
69,Kurtis Rourke,QB,SF,0.2,0.2,0.2,0,0,3,0.0,0.0,0,0,0.0,0,0,0,0.0
70,Garrett Nussmeier,QB,KC,0.2,0.2,0.2,0,0,2,0.0,0.0,0,0,0.0,0,0,0,0.0
71,Athan Kaliakmanis,QB,WAS,0.2,0.2,0.2,0,0,2,0.0,0.0,0,0,0.0,0,0,0,0.0
72,Joe Fagnano,QB,BAL,0.2,0.2,0.2,0,0,3,0.0,0.0,0,0,0.0,0,0,0,0.0
73,Behren Morton,QB,NE,0.2,0.2,0.2,0,0,2,0.0,0.0,0,0,0.0,0,0,0,0.0
74,Sam Howell,QB,DAL,0.2,0.2,0.2,0,0,3,0.0,0.0,0,0,0.0,0,0,0,0.0
75,Brett Rypien,QB,HOU,0.2,0.2,0.2,0,0,3,0.0,0.0,0,0,0.0,0,0,0,0.0
76,Sam Hartman,QB,WAS,0.2,0.2,0.2,0,0,2,0.0,0.0,0,0,0.0,0,0,0,0.0
77,Josh Johnson,QB,CIN,0.2,0.2,0.2,0,0,3,0.0,0.0,0,0,0.0,0,0,0,0.0
78,Shane Buechele,QB,BUF,0.2,0.2,0.2,0,0,3,0.0,0.0,0,0,0.0,0,0,0,0.0
79,Sam Ehlinger,QB,DEN,0.2,0.2,0.2,0,0,3,0.0,0.0,0,0,0.0,0,0,0,0.0
80,Zach Wilson,QB,NO,0.2,0.2,0.2,0,0,2,0.0,0.0,0,0,0.0,0,0,0,0.0
81,Aidan O’Connell,QB,LV,0.1,0.1,0.1,0,0,2,0.0,0.0,0,0,0.0,0,0,0,0.0
82,Will Levis,QB,TEN,0.1,0.1,0.1,0,0,2,0.0,0.0,0,0,0.0,0,0,0,0.0
83,Anthony Richardson,QB,IND,0.1,0.1,0.1,0,0,2,0.0,0.0,0,0,0.0,0,0,0,0.0
84,DJ Uiagalelei,QB,LAC,0.1,0.1,0.1,0,0,2,0.0,0.0,0,0,0.0,0,0,0,0.0
85,Dillon Gabriel,QB,CLE,0.1,0.1,0.1,0,0,2,0.0,0.0,0,0,0.0,0,0,0,0.0
86,Will Howard,QB,PIT,0.1,0.1,0.1,0,0,2,0.0,0.0,0,0,0.0,0,0,0,0.0
87,Max Brosmer,QB,MIN,0.1,0.1,0.1,0,0,2,0.0,0.0,0,0,0.0,0,0,0,0.0
88,Brady Cook,QB,NYJ,0.1,0.1,0.1,0,0,2,0.0,0.0,0,0,0.0,0,0,0,0.0
89,Cam Miller,QB,MIA,0.1,0.1,0.1,0,0,2,0.0,0.0,0,0,0.0,0,0,0,0.0
90,Carson Beck,QB,ARI,0.1,0.1,0.1,0,0,2,0.0,0.0,0,0,0.0,0,0,0,0.0
91,Luke Altmyer,QB,DET,0.1,0.1,0.1,0,0,2,0.0,0.0,0,0,0.0,0,0,0,0.0
92,Andy Dalton,QB,PHI,0.1,0.1,0.1,0,0,2,0.0,0.0,0,0,0.0,0,0,0,0.0
93,Brandon Allen,QB,NYG,0.1,0.1,0.1,0,0,2,0.0,0.0,0,0,0.0,0,0,0,0.0
94,Case Keenum,QB,CHI,0.1,0.1,0.1,0,0,2,0.0,0.0,0,0,0.0,0,0,0,0.0
95,Carson Wentz,QB,MIN,0.1,0.1,0.1,0,0,2,0.0,0.0,0,0,0.0,0,0,0,0.0
96,Jahmyr Gibbs,RB,DET,292.8,325.4,357.9,0,0,0,0.0,0.0,290,1491,12.7,85,65,540,2.6
97,Christian McCaffrey,RB,SF,290.3,325.3,360.3,0,0,0,0.0,0.0,298,1308,10.1,91,70,704,5.0
98,Bijan Robinson,RB,ATL,285.9,320.0,354.2,0,0,0,0.0,0.0,284,1498,10.8,89,68,571,2.7
99,Chase Brown,RB,CIN,246.7,277.2,307.6,0,0,0,0.0,0.0,246,1137,9.8,80,61,577,3.0
100,Jonathan Taylor,RB,IND,238.2,262.1,286.0,0,0,0,0.0,0.0,319,1590,7.4,62,48,296,1.1
101,Kenneth Walker III,RB,KC,232.7,253.8,274.8,0,0,0,0.0,0.0,273,1318,9.6,55,42,351,1.7
102,Ashton Jeanty,RB,LV,227.9,257.2,286.5,0,0,0,0.0,0.0,276,1206,8.6,77,59,457,2.0
103,Josh Jacobs,RB,GB,225.4,244.1,262.9,0,0,0,0.0,0.0,266,1198,10.3,49,37,338,1.9
104,Derrick Henry,RB,BAL,221.7,231.6,241.3,0,0,0,0.0,0.0,264,1343,11.4,26,20,157,0.8
105,Omarion Hampton,RB,LAC,218.8,242.1,265.5,0,0,0,0.0,0.0,265,1227,9.2,61,47,332,1.7
106,James Cook,RB,BUF,216.8,234.7,252.5,0,0,0,0.0,0.0,284,1486,5.4,47,36,285,1.4
107,Javonte Williams,RB,DAL,208.2,224.5,240.8,0,0,0,0.0,0.0,245,1172,9.2,43,33,248,2.0
108,Kyren Williams,RB,LAR,207.7,225.1,242.5,0,0,0,0.0,0.0,259,1273,8.0,45,35,236,1.7
109,Saquon Barkley,RB,PHI,207.6,228.7,249.8,0,0,0,0.0,0.0,282,1261,6.1,55,42,339,2.1
110,Quinshon Judkins,RB,CLE,205.7,226.4,247.2,0,0,0,0.0,0.0,292,1230,7.8,54,42,330,0.7
111,D’Andre Swift,RB,CHI,197.7,218.7,239.8,0,0,0,0.0,0.0,238,1133,7.8,55,42,317,1.3
112,Breece Hall,RB,NYJ,192.6,209.0,225.5,0,0,0,0.0,0.0,266,1250,5.5,43,33,253,1.8
113,Bucky Irving,RB,TB,192.6,212.6,232.6,0,0,0,0.0,0.0,250,1117,4.8,52,40,389,2.5
114,Jeremiyah Love,RB,ARI,192.1,211.4,230.8,0,0,0,0.0,0.0,258,1183,5.4,50,39,304,2.0
115,TreVeyon Henderson,RB,NE,191.0,213.3,235.6,0,0,0,0.0,0.0,227,1091,5.6,58,45,374,2.0
116,De’Von Achane,RB,MIA,183.7,216.0,248.2,0,0,0,0.0,0.0,203,1046,3.9,84,65,440,2.2
117,David Montgomery,RB,HOU,177.9,193.6,209.5,0,0,0,0.0,0.0,206,974,8.3,41,32,268,0.9
118,Cam Skattebo,RB,NYG,176.1,199.0,221.8,0,0,0,0.0,0.0,186,836,8.2,60,46,345,1.7
119,Jaylen Warren,RB,PIT,175.7,195.8,215.8,0,0,0,0.0,0.0,212,982,5.7,52,40,343,1.7
120,Travis Etienne Jr.,RB,NO,171.9,191.2,210.6,0,0,0,0.0,0.0,221,1013,5.3,51,39,292,1.8
121,Tony Pollard,RB,TEN,167.0,180.2,193.4,0,0,0,0.0,0.0,252,1170,5.0,34,26,184,0.5
122,Rico Dowdle,RB,PIT,166.6,189.7,212.7,0,0,0,0.0,0.0,181,850,6.2,60,46,368,1.5
123,Chuba Hubbard,RB,CAR,153.2,173.4,193.5,0,0,0,0.0,0.0,199,917,4.6,53,40,254,1.7
124,Aaron Jones,RB,MIN,149.6,171.0,192.4,0,0,0,0.0,0.0,160,758,5.0,56,43,351,1.7
125,Jadarian Price,RB,SEA,146.6,161.3,176.1,0,0,0,0.0,0.0,201,811,6.1,38,30,202,1.5
126,Jordan Mason,RB,MIN,144.3,152.3,160.3,0,0,0,0.0,0.0,183,875,7.3,21,16,117,0.4
127,J.K. Dobbins,RB,DEN,136.8,147.0,157.2,0,0,0,0.0,0.0,184,870,5.8,27,20,141,0.4
128,Bhayshul Tuten,RB,JAC,134.9,149.4,164.0,0,0,0,0.0,0.0,175,728,6.1,38,29,203,1.2
129,Chris Rodriguez Jr.,RB,JAC,131.3,143.3,155.3,0,0,0,0.0,0.0,172,797,5.0,31,24,176,0.9
130,Rhamondre Stevenson,RB,NE,126.9,142.1,157.3,0,0,0,0.0,0.0,134,609,6.0,40,30,244,1.1
131,Rachaad White,RB,WAS,126.8,140.2,153.6,0,0,0,0.0,0.0,143,655,5.0,35,27,216,1.8
132,RJ Harvey,RB,DEN,121.7,142.2,162.6,0,0,0,0.0,0.0,115,493,4.9,53,41,312,2.2
133,Kyle Monangai,RB,CHI,120.6,133.9,147.2,0,0,0,0.0,0.0,148,666,4.8,35,27,187,1.2
134,Jacory Croskey-Merritt,RB,WAS,119.2,127.7,136.1,0,0,0,0.0,0.0,178,803,4.1,22,17,118,0.6
135,Jonathon Brooks,RB,CAR,116.1,126.7,137.3,0,0,0,0.0,0.0,154,692,4.4,28,21,151,1.0
136,Blake Corum,RB,LAR,110.1,117.3,124.5,0,0,0,0.0,0.0,144,680,5.1,19,14,104,0.4
137,Tyjae Spears,RB,TEN,106.3,124.4,142.5,0,0,0,0.0,0.0,95,421,4.3,47,36,300,1.6
138,Kenneth Gainwell,RB,TB,94.9,112.4,129.9,0,0,0,0.0,0.0,81,359,2.8,46,35,297,2.2
139,Woody Marks,RB,HOU,87.1,97.7,108.2,0,0,0,0.0,0.0,128,529,2.4,27,21,141,1.1
140,Zach Charbonnet,RB,SEA,86.2,92.0,97.9,0,0,0,0.0,0.0,101,460,4.8,15,12,93,0.5
141,Isiah Pacheco,RB,DET,85.6,93.8,102.1,0,0,0,0.0,0.0,107,483,3.5,22,17,133,0.6
142,Brian Robinson Jr.,RB,ATL,81.6,87.3,92.9,0,0,0,0.0,0.0,111,515,3.2,15,11,88,0.5
143,Samaje Perine,RB,CIN,81.3,87.9,94.6,0,0,0,0.0,0.0,95,437,4.0,17,13,119,0.4
144,Tyler Allgeier,RB,ARI,79.6,86.3,93.0,0,0,0,0.0,0.0,106,482,3.3,18,13,102,0.4
145,Sean Tucker,RB,TB,78.1,81.4,84.7,0,0,0,0.0,0.0,81,347,6.1,9,7,51,0.4
146,Justice Hill,RB,BAL,77.3,95.1,113.0,0,0,0,0.0,0.0,49,233,1.9,47,36,338,1.6
147,Najee Harris,RB,NYG,72.6,79.9,87.3,0,0,0,0.0,0.0,107,503,1.9,19,15,94,0.5
148,Braelon Allen,RB,NYJ,70.0,76.3,82.6,0,0,0,0.0,0.0,91,440,2.5,16,13,87,0.6
149,Kendre Miller,RB,NO,69.6,74.4,79.3,0,0,0,0.0,0.0,89,413,3.4,13,10,72,0.3
150,Dylan Sampson,RB,CLE,68.0,82.8,97.7,0,0,0,0.0,0.0,73,308,1.2,39,30,237,1.2
151,Jaydon Blue,RB,DAL,66.2,70.7,75.2,0,0,0,0.0,0.0,108,448,2.1,12,9,75,0.4
152,Tank Bigsby,RB,PHI,60.7,64.6,68.5,0,0,0,0.0,0.0,73,341,3.5,10,8,48,0.3
153,Alvin Kamara,RB,NO,59.7,67.5,75.3,0,0,0,0.0,0.0,75,344,1.8,20,16,114,0.6
154,Jaylen Wright,RB,MIA,59.3,66.1,73.0,0,0,0,0.0,0.0,67,299,3.0,18,14,99,0.3
155,George Holani,RB,SEA,57.1,63.7,70.3,0,0,0,0.0,0.0,88,362,1.6,17,13,91,0.5
156,Tyrone Tracy Jr.,RB,NYG,52.7,59.9,67.1,0,0,0,0.0,0.0,77,346,1.3,19,14,83,0.4
157,Chris Brooks,RB,GB,52.6,63.8,75.1,0,0,0,0.0,0.0,67,275,0.9,29,23,157,0.8
158,Brashard Smith,RB,KC,48.0,57.7,67.4,0,0,0,0.0,0.0,53,218,1.0,25,19,140,1.1
159,Ray Davis,RB,BUF,47.3,54.7,62.0,0,0,0,0.0,0.0,54,247,0.9,19,15,118,1.0
160,Keaton Mitchell,RB,LAC,46.4,52.0,57.7,0,0,0,0.0,0.0,57,285,0.7,15,11,110,0.5
161,Adam Randall,RB,BAL,46.4,50.7,54.9,0,0,0,0.0,0.0,65,261,2.0,11,9,58,0.4
162,Kaelon Black,RB,SF,44.9,48.9,53.0,0,0,0,0.0,0.0,65,261,1.9,11,8,53,0.4
163,Kimani Vidal,RB,LAC,44.0,47.5,51.1,0,0,0,0.0,0.0,63,276,1.6,9,7,49,0.4
164,Ty Johnson,RB,BUF,42.2,52.8,63.3,0,0,0,0.0,0.0,25,119,1.1,28,21,183,1.0
165,Ollie Gordon II,RB,MIA,41.0,44.9,48.9,0,0,0,0.0,0.0,52,215,2.3,10,8,50,0.2
166,Mike Washington Jr.,RB,LV,39.3,43.7,48.1,0,0,0,0.0,0.0,57,227,1.5,12,9,57,0.4
167,Raheim Sanders,RB,CLE,38.7,40.6,42.6,0,0,0,0.0,0.0,56,228,2.2,5,4,27,0.1
168,Emmett Johnson,RB,KC,38.5,42.1,45.8,0,0,0,0.0,0.0,50,201,1.9,10,7,49,0.4
169,DJ Giddens,RB,IND,36.9,40.9,44.8,0,0,0,0.0,0.0,62,256,0.9,10,8,48,0.3
170,MarShawn Lloyd,RB,GB,35.7,39.7,43.6,0,0,0,0.0,0.0,48,206,1.2,10,8,54,0.4
171,Jonah Coleman,RB,DEN,34.5,39.1,43.6,0,0,0,0.0,0.0,47,186,1.3,12,9,57,0.4
172,Jordan James,RB,SF,29.1,29.9,30.8,0,0,0,0.0,0.0,48,192,1.4,2,2,11,0.1
173,DJ Herman,RB,MIA,28.6,42.8,57.1,0,0,0,0.0,0.0,10,34,0.3,37,28,161,1.3
174,James Conner,RB,ARI,26.4,28.4,30.3,0,0,0,0.0,0.0,35,167,1.0,5,4,29,0.2
175,Isaiah Davis,RB,NYJ,24.7,31.7,38.6,0,0,0,0.0,0.0,30,130,0.0,18,14,102,0.3
176,Kyle Juszczyk,RB,SF,24.2,34.4,44.5,0,0,0,0.0,0.0,4,14,0.2,26,20,158,1.1
177,Trevor Etienne,RB,CAR,23.3,24.7,26.2,0,0,0,0.0,0.0,34,146,1.1,4,3,20,0.1
178,Jawhar Jordan,RB,HOU,22.5,24.7,26.8,0,0,0,0.0,0.0,45,172,0.4,6,4,26,0.1
179,Nicholas Singleton,RB,TEN,22.3,24.1,25.8,0,0,0,0.0,0.0,33,131,1.0,5,4,22,0.2
180,Kaytron Allen,RB,WAS,21.0,22.7,24.5,0,0,0,0.0,0.0,32,127,0.8,5,4,24,0.2
181,Tahj Brooks,RB,CIN,20.4,22.6,24.8,0,0,0,0.0,0.0,40,165,0.0,6,4,34,0.2
182,Dylan Laube,RB,LV,19.4,21.1,22.8,0,0,0,0.0,0.0,31,123,0.8,4,3,22,0.1
183,Alec Ingold,RB,LAC,18.1,27.2,36.3,0,0,0,0.0,0.0,5,18,0.0,24,18,137,0.5
184,Phil Mafah,RB,DAL,17.3,18.7,20.1,0,0,0,0.0,0.0,24,98,0.8,4,3,23,0.1
185,Zavier Scott,RB,MIN,16.2,17.5,18.9,0,0,0,0.0,0.0,26,111,0.5,4,3,20,0.1
186,Hunter Luepke,RB,DAL,15.7,21.2,26.7,0,0,0,0.0,0.0,11,44,0.0,14,11,78,0.6
187,Max Bredeson,RB,MIN,15.5,21.0,26.4,0,0,0,0.0,0.0,10,33,0.3,14,11,71,0.6
188,Adam Prentice,RB,DEN,15.2,19.8,24.5,0,0,0,0.0,0.0,11,41,0.4,12,9,59,0.5
189,Patrick Ricard,RB,NYG,14.6,24.0,33.4,0,0,0,0.0,0.0,3,11,0.1,25,19,104,0.5
190,Travis Homer,RB,PIT,14.2,15.6,17.0,0,0,0,0.0,0.0,19,84,0.5,4,3,19,0.1
191,Tyler Goodson,RB,ATL,14.1,15.4,16.6,0,0,0,0.0,0.0,27,122,0.0,3,3,15,0.1
192,Velus Jones Jr.,RB,SEA,13.0,13.9,14.8,0,0,0,0.0,0.0,19,80,0.6,2,2,12,0.1
193,Seth McGowan,RB,IND,11.6,12.7,13.9,0,0,0,0.0,0.0,17,67,0.5,3,2,15,0.1
194,Reggie Gilliam,RB,NE,10.9,16.8,22.8,0,0,0,0.0,0.0,1,4,0.0,15,12,84,0.3
195,British Brooks,RB,HOU,8.8,10.7,12.6,0,0,0,0.0,0.0,9,34,0.3,5,4,25,0.2
196,Demond Claiborne,RB,MIN,8.4,9.0,9.7,0,0,0,0.0,0.0,12,49,0.4,2,1,8,0.1
197,Andrew Beck,RB,NYJ,8.2,11.5,14.8,0,0,0,0.0,0.0,2,8,0.1,9,7,51,0.3
198,Will Shipley,RB,PHI,7.9,9.4,10.9,0,0,0,0.0,0.0,13,53,0.0,4,3,21,0.1
199,LeQuint Allen,RB,JAC,7.4,9.2,10.9,0,0,0,0.0,0.0,9,37,0.1,5,3,24,0.1
200,Riley Nowakowski,RB,PIT,3.9,5.8,7.6,0,0,0,0.0,0.0,1,5,0.0,5,4,23,0.2
201,Brady Russell,RB,SEA,3.7,5.4,7.0,0,0,0,0.0,0.0,0,1,0.0,4,3,26,0.2
202,Ronnie Rivers,RB,LAR,3.5,3.5,3.5,0,0,0,0.0,0.0,5,25,0.2,0,0,0,0.0
203,Cash Jones,RB,ATL,3.0,3.2,3.4,0,0,0,0.0,0.0,4,16,0.2,1,0,2,0.0
204,Craig Reynolds,RB,WAS,2.7,2.7,2.7,0,0,0,0.0,0.0,4,21,0.1,0,0,0,0.0
205,Jaret Patterson,RB,LAC,2.7,2.7,2.7,0,0,0,0.0,0.0,5,21,0.1,0,0,0,0.0
206,Frank Gore Jr.,RB,BUF,2.6,2.8,3.0,0,0,0,0.0,0.0,4,15,0.1,1,0,3,0.0
207,Devin Singletary,RB,NYG,2.5,2.5,2.5,0,0,0,0.0,0.0,4,17,0.1,0,0,0,0.0
208,Scott Matlock,RB,LAC,2.4,3.4,4.4,0,0,0,0.0,0.0,0,1,0.0,3,2,15,0.1
209,Jaleel McLaughlin,RB,DEN,2.4,2.4,2.4,0,0,0,0.0,0.0,4,18,0.1,0,0,0,0.0
210,Anderson Castle,RB,IND,2.4,2.6,2.9,0,0,0,0.0,0.0,3,14,0.1,1,0,3,0.0
211,Sione Vaki,RB,DET,2.4,2.4,2.4,0,0,0,0.0,0.0,3,13,0.2,0,0,0,0.0
212,JaMycal Hasty,RB,NE,2.3,2.3,2.3,0,0,0,0.0,0.0,4,16,0.1,0,0,0,0.0
213,Eric Gray,RB,NYG,2.2,2.2,2.2,0,0,0,0.0,0.0,4,15,0.1,0,0,0,0.0
214,Sincere McCormick,RB,SF,2.2,2.2,2.2,0,0,0,0.0,0.0,4,15,0.1,0,0,1,0.0
215,Salvon Ahmed,RB,CHI,2.2,2.2,2.2,0,0,0,0.0,0.0,4,16,0.1,0,0,0,0.0
216,Raheem Blackshear,RB,DET,2.1,2.1,2.1,0,0,0,0.0,0.0,3,13,0.1,0,0,0,0.0
217,Owen Wright,RB,HOU,2.1,2.1,2.1,0,0,0,0.0,0.0,4,15,0.1,0,0,0,0.0
218,Anthony Tyus III,RB,CAR,2.1,2.1,2.1,0,0,0,0.0,0.0,4,15,0.1,0,0,0,0.0
219,Anthony Hankerson,RB,SEA,2.1,2.2,2.3,0,0,0,0.0,0.0,3,13,0.1,0,0,1,0.0
220,Miles Davis,RB,CAR,2.1,2.1,2.1,0,0,0,0.0,0.0,4,15,0.1,0,0,0,0.0
221,Emanuel Wilson,RB,SEA,2.0,2.1,2.2,0,0,0,0.0,0.0,3,15,0.1,0,0,1,0.0
222,Roschon Johnson,RB,CHI,2.0,2.0,2.0,0,0,0,0.0,0.0,4,21,0.0,0,0,0,0.0
223,Jarquez Hunter,RB,LAR,2.0,2.0,2.0,0,0,0,0.0,0.0,3,14,0.1,0,0,0,0.0
224,Robert Henry Jr.,RB,WAS,2.0,2.0,2.0,0,0,0,0.0,0.0,4,14,0.1,0,0,0,0.0
225,Jam Miller,RB,NE,2.0,2.0,2.0,0,0,0,0.0,0.0,4,14,0.1,0,0,0,0.0
226,Dean Connors,RB,LAR,2.0,2.0,2.0,0,0,0,0.0,0.0,3,14,0.1,0,0,0,0.0
227,Lew Nichols,RB,PIT,1.9,1.9,1.9,0,0,0,0.0,0.0,3,13,0.1,0,0,0,0.0
228,Amar Johnson,RB,LAC,1.9,1.9,1.9,0,0,0,0.0,0.0,3,14,0.1,0,0,0,0.0
229,Jaydn Ott,RB,KC,1.9,1.9,1.9,0,0,0,0.0,0.0,3,12,0.1,0,0,0,0.0
230,Dontae McMillan,RB,BAL,1.9,1.9,1.9,0,0,0,0.0,0.0,3,13,0.1,0,0,0,0.0
231,Eli Heidenreich,RB,PIT,1.9,1.9,1.9,0,0,0,0.0,0.0,3,13,0.1,0,0,0,0.0
232,EJ Smith,RB,KC,1.9,1.9,1.9,0,0,0,0.0,0.0,3,12,0.1,0,0,0,0.0
233,Elijah Tau-Tolliver,RB,BAL,1.9,1.9,1.9,0,0,0,0.0,0.0,3,13,0.1,0,0,0,0.0
234,Brittain Brown,RB,CHI,1.9,1.9,1.9,0,0,0,0.0,0.0,3,14,0.1,0,0,0,0.0
235,Ulysses Bentley IV,RB,IND,1.8,1.9,2.0,0,0,0,0.0,0.0,4,17,0.0,0,0,1,0.0
236,Ahmani Marshall,RB,CLE,1.8,1.8,1.8,0,0,0,0.0,0.0,3,13,0.1,0,0,0,0.0
237,Davon Booth,RB,CLE,1.8,1.8,1.8,0,0,0,0.0,0.0,3,13,0.1,0,0,0,0.0
238,Hassan Haskins,RB,NE,1.8,1.8,1.8,0,0,0,0.0,0.0,3,13,0.1,0,0,0,0.0
239,Jacob Saylors,RB,DET,1.7,1.7,1.7,0,0,0,0.0,0.0,2,10,0.1,0,0,0,0.0
240,Damien Martinez,RB,GB,1.7,1.7,1.7,0,0,0,0.0,0.0,3,12,0.1,0,0,0,0.0
241,Kaleb Johnson,RB,PIT,1.7,1.7,1.7,0,0,0,0.0,0.0,4,17,0.0,0,0,0,0.0
242,Kentrel Bullock,RB,CIN,1.7,1.7,1.7,0,0,0,0.0,0.0,3,10,0.1,0,0,0,0.0
243,Noah Whittington,RB,HOU,1.7,1.7,1.7,0,0,0,0.0,0.0,3,12,0.1,0,0,0,0.0
244,Jamal Haynes,RB,CIN,1.7,1.7,1.7,0,0,0,0.0,0.0,3,10,0.1,0,0,0,0.0
245,Pierre Strong Jr.,RB,GB,1.7,1.7,1.7,0,0,0,0.0,0.0,3,13,0.1,0,0,0,0.0
246,Dameon Pierce,RB,PHI,1.7,1.7,1.7,0,0,0,0.0,0.0,3,12,0.1,0,0,0,0.0
247,Gary Brightwell,RB,CIN,1.7,1.7,1.7,0,0,0,0.0,0.0,3,11,0.1,0,0,0,0.0
248,Carlos Washington,RB,MIA,1.6,1.6,1.6,0,0,0,0.0,0.0,3,11,0.1,0,0,0,0.0
249,Josh Williams,RB,TB,1.6,1.6,1.6,0,0,0,0.0,0.0,4,17,0.0,0,0,0,0.0
250,Donovan Edwards,RB,MIA,1.6,1.6,1.6,0,0,0,0.0,0.0,3,11,0.1,0,0,0,0.0
251,Jaden Nixon,RB,GB,1.6,1.6,1.6,0,0,0,0.0,0.0,3,12,0.1,0,0,0,0.0
252,Jashaun Corbin,RB,DAL,1.5,1.5,1.5,0,0,0,0.0,0.0,2,10,0.1,0,0,0,0.0
253,Ben VanSumeren,RB,BUF,1.5,2.1,2.7,0,0,0,0.0,0.0,1,2,0.0,2,1,8,0.1
254,Cody Schrader,RB,DEN,1.5,1.5,1.5,0,0,0,0.0,0.0,3,10,0.1,0,0,0,0.0
255,Lucas Scott,RB,BAL,1.5,2.0,2.6,0,0,0,0.0,0.0,1,2,0.0,1,1,7,0.1
256,Roman Hemby,RB,LV,1.5,1.5,1.5,0,0,0,0.0,0.0,3,11,0.1,0,0,0,0.0
257,Gregory Desrosiers,RB,LAC,1.5,1.5,1.5,0,0,0,0.0,0.0,3,11,0.1,0,0,0,0.0
258,Julius Chestnut,RB,TEN,1.5,1.5,1.5,0,0,0,0.0,0.0,2,9,0.1,0,0,0,0.0
259,Jermar Jefferson,RB,MIN,1.5,1.5,1.5,0,0,0,0.0,0.0,3,10,0.1,0,0,0,0.0
260,Ja’Quinden Jackson,RB,PHI,1.4,1.4,1.4,0,0,0,0.0,0.0,2,9,0.1,0,0,0,0.0
261,Tre Stewart,RB,ARI,1.4,1.4,1.4,0,0,0,0.0,0.0,3,11,0.1,0,0,0,0.0
262,AJ Dillon,RB,CAR,1.4,1.4,1.4,0,0,0,0.0,0.0,3,14,0.0,0,0,0,0.0
263,Malik Davis,RB,DAL,1.3,1.3,1.3,0,0,0,0.0,0.0,2,11,0.0,0,0,0,0.0
264,Emari Demercado,RB,KC,1.3,1.3,1.3,0,0,0,0.0,0.0,3,13,0.0,0,0,0,0.0
265,Chip Trayanum,RB,NYJ,1.3,1.3,1.3,0,0,0,0.0,0.0,2,10,0.1,0,0,0,0.0
266,J’Mari Taylor,RB,JAC,1.3,1.3,1.3,0,0,0,0.0,0.0,2,9,0.1,0,0,0,0.0
267,Sam Scott,RB,NYJ,1.3,1.3,1.3,0,0,0,0.0,0.0,2,10,0.1,0,0,0,0.0
268,Zamir White,RB,SF,1.3,1.3,1.3,0,0,0,0.0,0.0,3,12,0.0,0,0,1,0.0
269,Carson Steele,RB,PHI,1.3,1.3,1.3,0,0,0,0.0,0.0,2,9,0.1,0,0,0,0.0
270,Isaac Guerendo,RB,SF,1.2,1.2,1.2,0,0,0,0.0,0.0,2,9,0.1,0,0,0,0.0
271,Trey Benson,RB,ARI,1.1,1.1,1.1,0,0,0,0.0,0.0,2,10,0.0,0,0,0,0.0
272,Michael Burton,RB,CLE,1.1,1.5,1.9,0,0,0,0.0,0.0,0,1,0.0,1,1,6,0.0
273,Marcus Marshall,RB,TEN,1.1,1.1,1.1,0,0,0,0.0,0.0,2,7,0.1,0,0,0,0.0
274,Evan Hull,RB,ARI,1.0,1.0,1.0,0,0,0,0.0,0.0,2,10,0.0,0,0,0,0.0
275,CJ Donaldson,RB,NO,1.0,1.0,1.0,0,0,0,0.0,0.0,2,6,0.1,0,0,0,0.0
276,Ameer Abdullah,RB,JAC,1.0,1.0,1.0,0,0,0,0.0,0.0,2,7,0.0,0,0,0,0.0
277,Michael Carter,RB,TEN,1.0,1.0,1.0,0,0,0,0.0,0.0,2,8,0.0,0,0,0,0.0
278,Ty Chandler,RB,NO,0.9,0.9,0.9,0,0,0,0.0,0.0,2,7,0.0,0,0,0,0.0
279,DeeJay Dallas,RB,JAC,0.9,0.9,0.9,0,0,0,0.0,0.0,2,7,0.0,0,0,0,0.0
280,Kene Nwangwu,RB,NYJ,0.9,0.9,0.9,0,0,0,0.0,0.0,2,6,0.0,0,0,0,0.0
281,Devin Neal,RB,NO,0.8,0.8,0.8,0,0,0,0.0,0.0,1,5,0.1,0,0,0,0.0
282,Trayveon Williams,RB,DET,0.8,0.8,0.8,0,0,0,0.0,0.0,2,8,0.0,0,0,0,0.0
283,D’Ernest Johnson,RB,TEN,0.7,0.7,0.7,0,0,0,0.0,0.0,1,5,0.0,0,0,0,0.0
284,Jeremy McNichols,RB,WAS,0.7,0.7,0.7,0,0,0,0.0,0.0,1,6,0.0,0,0,0,0.0
285,Tyler Badie,RB,DEN,0.5,0.5,0.5,0,0,0,0.0,0.0,1,3,0.0,0,0,0,0.0
286,Dare Ogunbowale,RB,LV,0.5,0.5,0.5,0,0,0,0.0,0.0,1,4,0.0,0,0,0,0.0
287,Audric Estime,RB,NO,0.5,0.5,0.5,0,0,0,0.0,0.0,1,3,0.0,0,0,0,0.0
288,Rasheen Ali,RB,BAL,0.4,0.4,0.4,0,0,0,0.0,0.0,1,4,0.0,0,0,0,0.0
289,Puka Nacua,WR,LAR,215.5,275.3,335.1,0,0,0,0.0,0.0,10,56,0.5,169,120,1508,9.5
290,Amon-Ra St. Brown,WR,DET,187.0,241.1,295.2,0,0,0,0.0,0.0,4,19,0.3,157,108,1339,8.4
291,Ja’Marr Chase,WR,CIN,186.1,242.3,298.6,0,0,0,0.0,0.0,4,20,0.2,165,113,1463,6.2
292,Jaxon Smith-Njigba,WR,SEA,185.9,236.4,287.0,0,0,0,0.0,0.0,11,57,0.5,148,101,1315,7.8
293,CeeDee Lamb,WR,DAL,170.9,219.4,268.0,0,0,0,0.0,0.0,1,7,0.1,147,97,1273,7.2
294,Nico Collins,WR,HOU,163.6,209.0,254.4,0,0,0,0.0,0.0,2,12,0.1,138,91,1200,7.1
295,Justin Jefferson,WR,MIN,161.0,209.5,258.1,0,0,0,0.0,0.0,1,6,0.1,144,97,1277,5.5
296,Chris Olave,WR,NO,160.2,210.9,261.5,0,0,0,0.0,0.0,1,6,0.1,156,101,1212,6.5
297,Rashee Rice,WR,KC,159.5,202.9,246.3,0,0,0,0.0,0.0,11,56,0.6,128,87,1039,7.9
298,A.J. Brown,WR,NE,159.1,207.0,254.8,0,0,0,0.0,0.0,0,0,0.0,144,96,1193,6.8
299,Zay Flowers,WR,BAL,158.9,200.1,241.3,0,0,0,0.0,0.0,12,65,0.5,121,82,1080,7.0
300,Tee Higgins,WR,CIN,155.6,193.5,231.5,0,0,0,0.0,0.0,0,0,0.0,116,76,1035,8.8
301,Drake London,WR,ATL,154.5,203.6,252.7,0,0,0,0.0,0.0,0,0,0.0,149,98,1214,5.6
302,Terry McLaurin,WR,WAS,153.7,194.6,235.5,0,0,0,0.0,0.0,0,0,0.0,123,82,1087,7.6
303,Davante Adams,WR,LAR,152.9,193.2,233.6,0,0,0,0.0,0.0,0,0,0.0,127,81,1018,8.6
304,Garrett Wilson,WR,NYJ,147.5,194.7,241.9,0,0,0,0.0,0.0,0,0,0.0,144,94,1157,5.4
305,Christian Watson,WR,GB,146.3,183.4,220.4,0,0,0,0.0,0.0,2,9,0.1,115,74,1002,7.6
306,George Pickens,WR,DAL,145.1,183.9,222.7,0,0,0,0.0,0.0,0,0,0.0,118,78,1013,7.4
307,Tetairoa McMillan,WR,CAR,140.2,184.2,228.2,0,0,0,0.0,0.0,0,0,0.0,137,88,1096,5.2
308,Emeka Egbuka,WR,TB,134.7,173.3,211.9,0,0,0,0.0,0.0,2,12,0.1,123,77,990,5.8
309,DeVonta Smith,WR,PHI,134.7,175.9,217.2,0,0,0,0.0,0.0,0,0,0.0,124,82,1029,5.4
310,Jaylen Waddle,WR,DEN,128.0,166.8,205.5,0,0,0,0.0,0.0,2,11,0.1,119,77,949,5.4
311,Malik Nabers,WR,NYG,127.9,166.9,205.9,0,0,0,0.0,0.0,0,0,0.0,123,78,909,6.3
312,Luther Burden III,WR,CHI,127.4,163.6,199.7,0,0,0,0.0,0.0,13,67,0.5,112,72,891,4.9
313,DJ Moore,WR,BUF,124.6,155.0,185.4,0,0,0,0.0,0.0,15,78,0.6,92,61,785,5.8
314,Rome Odunze,WR,CHI,123.0,156.8,190.7,0,0,0,0.0,0.0,0,0,0.0,110,68,843,6.6
315,Ladd McConkey,WR,LAC,122.1,158.6,195.1,0,0,0,0.0,0.0,0,0,0.0,114,73,851,6.3
316,Stefon Diggs,WR,WAS,120.5,156.6,192.6,0,0,0,0.0,0.0,0,0,0.0,104,72,904,5.1
317,DK Metcalf,WR,PIT,119.3,154.7,190.2,0,0,0,0.0,0.0,2,13,0.1,109,71,895,4.8
318,Courtland Sutton,WR,DEN,117.7,152.5,187.3,0,0,0,0.0,0.0,0,0,0.0,109,70,867,5.2
319,Josh Downs,WR,IND,110.6,144.3,178.0,0,0,0,0.0,0.0,1,8,0.1,101,67,815,4.8
320,Quentin Johnston,WR,LAC,110.3,139.6,168.9,0,0,0,0.0,0.0,3,14,0.1,93,59,716,6.2
321,Jayden Reed,WR,GB,109.2,138.5,167.8,0,0,0,0.0,0.0,13,72,0.5,89,59,739,4.3
322,Jameson Williams,WR,DET,109.2,137.0,164.9,0,0,0,0.0,0.0,9,47,0.7,88,56,733,4.6
323,Jakobi Meyers,WR,JAC,108.5,142.5,176.5,0,0,0,0.0,0.0,7,39,0.2,105,68,805,3.9
324,Michael Pittman Jr.,WR,PIT,107.7,145.0,182.4,0,0,0,0.0,0.0,0,0,0.0,114,75,840,4.0
325,Mike Evans,WR,SF,107.5,140.3,173.1,0,0,0,0.0,0.0,0,0,0.0,101,66,795,4.8
326,Chris Godwin,WR,TB,106.3,138.8,171.4,0,0,0,0.0,0.0,0,0,0.0,99,65,783,4.8
327,Brian Thomas Jr.,WR,JAC,104.4,134.8,165.2,0,0,0,0.0,0.0,4,19,0.1,98,61,770,4.2
328,Carnell Tate,WR,TEN,102.2,135.0,167.9,0,0,0,0.0,0.0,0,0,0.0,103,66,777,4.2
329,Khalil Shakir,WR,BUF,100.8,133.2,165.6,0,0,0,0.0,0.0,1,6,0.0,97,65,738,4.4
330,Parker Washington,WR,JAC,98.2,125.2,152.1,0,0,0,0.0,0.0,9,47,0.3,88,54,661,4.4
331,Makai Lemon,WR,PHI,96.5,124.8,153.2,0,0,0,0.0,0.0,0,0,0.0,89,57,697,4.6
332,Jauan Jennings,WR,MIN,96.3,123.6,150.9,0,0,0,0.0,0.0,0,0,0.0,85,55,690,4.6
333,Xavier Worthy,WR,KC,95.8,123.2,150.6,0,0,0,0.0,0.0,14,80,0.8,86,55,673,2.7
334,Marvin Harrison Jr.,WR,ARI,95.1,126.1,157.1,0,0,0,0.0,0.0,0,0,0.0,101,62,748,3.5
335,Wan’Dale Robinson,WR,TEN,94.7,125.9,157.1,0,0,0,0.0,0.0,2,13,0.1,100,62,731,3.4
336,Michael Wilson,WR,ARI,90.6,119.6,148.5,0,0,0,0.0,0.0,0,0,0.0,95,58,686,3.8
337,Travis Hunter,WR,JAC,90.5,117.7,144.9,0,0,0,0.0,0.0,3,13,0.1,89,54,637,4.3
338,KC Concepcion,WR,CLE,88.8,119.1,149.5,0,0,0,0.0,0.0,0,0,0.0,96,61,695,3.4
339,Denzel Boston,WR,CLE,85.2,114.4,143.8,0,0,0,0.0,0.0,0,0,0.0,94,59,664,3.3
340,Rashid Shaheed,WR,SEA,85.1,109.7,134.3,0,0,0,0.0,0.0,8,42,0.3,77,49,624,2.8
341,Jalen Coker,WR,CAR,84.6,110.6,136.6,0,0,0,0.0,0.0,0,0,0.0,79,52,647,3.4
342,Deebo Samuel,WR,SF,83.9,106.8,129.8,0,0,0,0.0,0.0,14,78,0.6,70,46,531,3.3
343,Calvin Ridley,WR,TEN,82.7,108.7,134.6,0,0,0,0.0,0.0,0,0,0.0,84,52,662,2.8
344,Malik Washington,WR,MIA,82.1,108.6,135.1,0,0,0,0.0,0.0,17,93,0.8,86,53,496,3.2
345,Matthew Golden,WR,GB,81.7,103.7,125.7,0,0,0,0.0,0.0,18,93,0.7,71,44,544,2.4
346,Keenan Allen,WR,IND,81.2,109.6,138.0,0,0,0,0.0,0.0,0,0,0.0,89,57,630,3.1
347,Jordan Addison,WR,MIN,80.4,103.3,126.2,0,0,0,0.0,0.0,2,14,0.1,73,46,609,3.0
348,Alec Pierce,WR,IND,76.8,96.3,115.9,0,0,0,0.0,0.0,0,0,0.0,62,39,564,3.4
349,Rashod Bateman,WR,BAL,76.7,98.3,119.9,0,0,0,0.0,0.0,0,0,0.0,70,43,537,3.9
350,Jerry Jeudy,WR,CLE,76.6,102.0,127.5,0,0,0,0.0,0.0,0,0,0.0,84,51,617,2.6
351,Jalen McMillan,WR,TB,75.6,97.6,119.6,0,0,0,0.0,0.0,7,40,0.3,70,44,543,2.7
352,Tre Tucker,WR,LV,75.2,98.8,122.4,0,0,0,0.0,0.0,9,47,0.3,77,47,544,2.4
353,Cooper Kupp,WR,SEA,74.8,96.9,119.1,0,0,0,0.0,0.0,0,0,0.0,69,44,542,3.5
354,Romeo Doubs,WR,NE,73.7,95.4,117.1,0,0,0,0.0,0.0,0,0,0.0,68,43,526,3.6
355,Ryan Flournoy,WR,DAL,67.6,86.1,104.6,0,0,0,0.0,0.0,6,30,0.3,55,37,473,2.7
356,Andrei Iosivas,WR,CIN,66.9,85.1,103.4,0,0,0,0.0,0.0,3,18,0.2,60,36,470,2.9
357,Darnell Mooney,WR,NYG,66.9,89.4,111.9,0,0,0,0.0,0.0,0,0,0.0,75,45,500,2.9
358,Jalen Nailor,WR,LV,65.7,85.9,106.1,0,0,0,0.0,0.0,2,12,0.1,66,40,502,2.4
359,Joshua Palmer,WR,BUF,64.2,83.0,101.9,0,0,0,0.0,0.0,0,0,0.0,60,38,472,2.9
360,Jaylin Noel,WR,HOU,62.2,78.8,95.4,0,0,0,0.0,0.0,11,56,0.4,54,33,393,2.6
361,Xavier Legette,WR,CAR,61.1,81.5,101.9,0,0,0,0.0,0.0,1,6,0.0,69,41,456,2.5
362,Adonai Mitchell,WR,NYJ,60.6,78.8,97.0,0,0,0,0.0,0.0,1,7,0.1,60,36,470,2.1
363,Devaughn Vele,WR,NO,56.8,75.5,94.1,0,0,0,0.0,0.0,0,0,0.0,59,37,434,2.3
364,Germie Bernard,WR,PIT,56.2,74.4,92.7,0,0,0,0.0,0.0,0,0,0.0,60,37,427,2.3
365,Kayshon Boutte,WR,NE,55.5,71.5,87.4,0,0,0,0.0,0.0,0,0,0.0,50,32,413,2.4
366,Dontayvion Wicks,WR,PHI,54.7,72.5,90.4,0,0,0,0.0,0.0,1,6,0.1,57,36,412,2.2
367,Pat Bryant,WR,DEN,54.1,71.7,89.2,0,0,0,0.0,0.0,0,0,0.0,58,35,406,2.3
368,Isaiah Williams,WR,NYJ,53.2,70.3,87.4,0,0,0,0.0,0.0,6,34,0.2,55,34,402,1.4
369,Xavier Hutchinson,WR,HOU,52.5,68.7,84.8,0,0,0,0.0,0.0,3,16,0.1,53,32,370,2.3
370,Christian Kirk,WR,SF,52.5,68.8,85.1,0,0,0,0.0,0.0,0,0,0.0,52,33,388,2.3
371,Darius Slayton,WR,NYG,52.0,68.3,84.5,0,0,0,0.0,0.0,0,0,0.0,54,33,391,2.2
372,Kendrick Bourne,WR,ARI,48.4,65.3,82.1,0,0,0,0.0,0.0,0,0,0.0,53,34,408,1.3
373,Devontez Walker,WR,BAL,46.6,58.1,69.5,0,0,0,0.0,0.0,0,0,0.0,34,23,314,2.6
374,Ja’Kobi Lane,WR,BAL,46.2,59.3,72.3,0,0,0,0.0,0.0,0,0,0.0,44,26,320,2.4
375,Jordyn Tyson,WR,NO,43.0,57.0,71.0,0,0,0,0.0,0.0,0,0,0.0,44,28,329,1.7
376,Chris Bell,WR,MIA,42.5,57.3,72.1,0,0,0,0.0,0.0,0,0,0.0,48,30,315,1.9
377,Caleb Douglas,WR,MIA,42.5,57.3,72.1,0,0,0,0.0,0.0,0,0,0.0,48,30,315,1.9
378,Jack Bech,WR,LV,40.8,54.9,69.0,0,0,0,0.0,0.0,0,0,0.0,43,28,326,1.4
379,Tre Harris,WR,LAC,40.8,53.7,66.6,0,0,0,0.0,0.0,3,15,0.1,42,26,297,1.5
380,Jordan Whittington,WR,LAR,40.5,53.5,66.5,0,0,0,0.0,0.0,4,22,0.2,41,26,308,1.1
381,Olamide Zaccheaus,WR,ATL,39.0,51.4,63.8,0,0,0,0.0,0.0,3,15,0.2,40,25,272,1.6
382,Zachariah Branch,WR,ATL,36.8,48.6,60.4,0,0,0,0.0,0.0,0,0,0.0,38,24,278,1.5
383,Greg Dortch,WR,DET,36.3,45.3,54.3,0,0,0,0.0,0.0,9,45,0.7,28,18,204,1.3
384,Tyquan Thornton,WR,KC,36.0,45.5,55.0,0,0,0,0.0,0.0,0,0,0.0,31,19,265,1.6
385,De’Zhaun Stribling,WR,SF,35.9,46.3,56.7,0,0,0,0.0,0.0,0,0,0.0,35,21,247,1.9
386,Tank Dell,WR,HOU,33.0,43.2,53.4,0,0,0,0.0,0.0,0,0,0.0,32,20,241,1.5
387,Jahan Dotson,WR,ATL,30.4,40.6,50.7,0,0,0,0.0,0.0,0,0,0.0,34,20,244,1.0
388,Tory Horton,WR,SEA,28.2,35.8,43.4,0,0,0,0.0,0.0,0,0,0.0,24,15,187,1.6
389,KaVontae Turpin,WR,DAL,26.3,31.9,37.5,0,0,0,0.0,0.0,8,45,0.4,17,11,146,0.9
390,Cedrick Wilson,WR,DET,24.8,31.9,38.9,0,0,0,0.0,0.0,0,0,0.0,22,14,177,1.2
391,Nick Westbrook-Ikhine,WR,IND,23.7,31.5,39.3,0,0,0,0.0,0.0,0,0,0.0,26,16,178,1.0
392,Xavier Smith,WR,LAR,22.9,29.3,35.9,0,0,0,0.0,0.0,0,0,0.0,20,13,174,0.9
393,Cyrus Allen,WR,KC,20.9,27.0,33.0,0,0,0,0.0,0.0,0,0,0.0,20,12,145,1.1
394,Marquise Brown,WR,PHI,20.4,26.8,33.2,0,0,0,0.0,0.0,0,0,0.0,20,13,155,0.8
395,Kalif Raymond,WR,CHI,19.7,26.0,32.4,0,0,0,0.0,0.0,2,8,0.1,20,13,139,0.8
396,Isaac TeSlaa,WR,DET,19.4,24.9,30.5,0,0,0,0.0,0.0,0,0,0.0,17,11,137,1.0
397,Savion Williams,WR,GB,19.2,22.7,26.1,0,0,0,0.0,0.0,10,53,0.4,11,7,79,0.7
398,Jaylin Lane,WR,WAS,18.5,24.3,30.1,0,0,0,0.0,0.0,1,3,0.0,19,12,141,0.7
399,Bryce Lance,WR,NO,18.0,24.0,30.1,0,0,0,0.0,0.0,0,0,0.0,21,12,135,0.8
400,Marvin Mims Jr.,WR,DEN,17.7,22.9,28.1,0,0,0,0.0,0.0,4,19,0.1,16,10,122,0.5
401,Troy Franklin,WR,DEN,17.5,22.8,28.0,0,0,0,0.0,0.0,1,5,0.0,17,10,122,0.8
402,Luke McCaffrey,WR,WAS,17.4,21.9,26.4,0,0,0,0.0,0.0,0,0,0.0,14,9,116,1.0
403,Van Jefferson,WR,WAS,17.0,22.3,27.6,0,0,0,0.0,0.0,0,0,0.0,17,11,136,0.6
404,DeMario Douglas,WR,NE,16.9,21.3,25.8,0,0,0,0.0,0.0,3,14,0.1,14,9,113,0.6
405,Chimere Dike,WR,TEN,16.9,21.5,26.2,0,0,0,0.0,0.0,3,16,0.1,15,9,105,0.7
406,Omar Cooper Jr.,WR,NYJ,16.7,21.7,26.7,0,0,0,0.0,0.0,0,0,0.0,16,10,124,0.7
407,Ashton Dulin,WR,IND,16.4,20.3,24.1,0,0,0,0.0,0.0,5,26,0.2,12,8,97,0.5
408,Keon Coleman,WR,BUF,16.4,21.1,25.7,0,0,0,0.0,0.0,0,0,0.0,15,9,115,0.8
409,Antonio Williams,WR,WAS,16.0,20.5,25.0,0,0,0,0.0,0.0,0,0,0.0,15,9,110,0.9
410,Tim Patrick,WR,NYJ,15.8,20.5,25.1,0,0,0,0.0,0.0,0,0,0.0,15,9,111,0.8
411,Dont’e Thornton Jr.,WR,LV,15.7,21.4,27.1,0,0,0,0.0,0.0,0,0,0.0,20,11,129,0.5
412,Treylon Burks,WR,WAS,15.6,19.9,24.2,0,0,0,0.0,0.0,0,0,0.0,14,9,106,0.8
413,Jimmy Horn Jr.,WR,CAR,14.8,18.0,21.1,0,0,0,0.0,0.0,7,38,0.3,10,6,74,0.3
414,Jahdae Walker,WR,CHI,14.3,18.2,22.2,0,0,0,0.0,0.0,0,0,0.0,13,8,91,0.9
415,Elic Ayomanor,WR,TEN,13.8,18.3,22.8,0,0,0,0.0,0.0,0,0,0.0,15,9,109,0.5
416,Tez Johnson,WR,TB,13.4,16.9,20.4,0,0,0,0.0,0.0,2,12,0.1,11,7,83,0.6
417,Konata Mumpfield,WR,LAR,13.0,17.1,21.3,0,0,0,0.0,0.0,0,0,0.0,14,8,95,0.6
418,Jalen Tolbert,WR,MIA,12.4,17.3,22.2,0,0,0,0.0,0.0,0,0,0.0,16,10,98,0.5
419,David Sills V,WR,TB,12.4,16.3,20.1,0,0,0,0.0,0.0,0,0,0.0,13,8,89,0.6
420,Lil’Jordan Humphrey,WR,DEN,12.1,15.9,19.7,0,0,0,0.0,0.0,0,0,0.0,13,8,89,0.5
421,Barion Brown,WR,NO,11.1,14.8,18.4,0,0,0,0.0,0.0,0,0,0.0,12,7,84,0.5
422,Jalen Royals,WR,KC,11.0,14.5,17.8,0,0,0,0.0,0.0,0,0,0.0,11,7,80,0.5
423,Dyami Brown,WR,WAS,10.8,13.5,16.3,0,0,0,0.0,0.0,2,8,0.1,9,5,67,0.5
424,Noah Brown,WR,LV,10.8,14.4,18.0,0,0,0,0.0,0.0,0,0,0.0,12,7,84,0.4
425,Mack Hollins,WR,NE,10.7,14.3,17.9,0,0,0,0.0,0.0,0,1,0.0,11,7,85,0.3
426,Skyler Bell,WR,BUF,10.6,13.6,16.6,0,0,0,0.0,0.0,0,0,0.0,10,6,74,0.5
427,KeAndre Lambert-Smith,WR,LAC,10.2,13.4,16.6,0,0,0,0.0,0.0,0,0,0.0,11,6,78,0.4
428,Brenen Thompson,WR,LAC,9.9,12.6,15.3,0,0,0,0.0,0.0,0,0,0.0,9,5,68,0.5
429,Justin Watson,WR,HOU,9.7,12.8,15.8,0,0,0,0.0,0.0,0,0,0.0,10,6,72,0.4
430,Nikko Remigio,WR,KC,9.3,10.3,11.2,0,0,0,0.0,0.0,7,38,0.4,3,2,23,0.2
431,Xavier Restrepo,WR,TEN,9.3,12.4,15.5,0,0,0,0.0,0.0,0,0,0.0,11,6,71,0.4
432,Ted Hurst,WR,TB,9.3,12.0,14.7,0,0,0,0.0,0.0,0,0,0.0,9,5,66,0.5
433,Elijah Moore,WR,PHI,9.1,11.6,14.0,0,0,0,0.0,0.0,2,12,0.1,8,5,57,0.3
434,Skyy Moore,WR,GB,8.9,11.4,13.9,0,0,0,0.0,0.0,2,11,0.1,8,5,61,0.2
435,Mason Tipton,WR,NO,8.4,10.6,12.8,0,0,0,0.0,0.0,3,15,0.2,8,4,47,0.2
436,Isaiah Bond,WR,CLE,8.2,10.6,13.0,0,0,0,0.0,0.0,1,5,0.0,8,5,60,0.2
437,Mitchell Tinsley,WR,CIN,8.0,10.3,12.5,0,0,0,0.0,0.0,0,0,0.0,7,5,60,0.3
438,Zavion Thomas,WR,CHI,8.0,10.4,12.8,0,0,0,0.0,0.0,0,0,0.0,8,5,54,0.4
439,Kyle Williams,WR,NE,7.9,10.1,12.4,0,0,0,0.0,0.0,0,2,0.0,7,5,58,0.3
440,Ray-Ray McCloud,WR,CHI,7.9,10.5,13.2,0,0,0,0.0,0.0,0,0,0.0,9,5,58,0.4
441,Calvin Austin III,WR,NYG,7.4,10.1,12.8,0,0,0,0.0,0.0,0,0,0.0,9,5,59,0.3
442,Darius Cooper,WR,PHI,7.4,9.9,12.4,0,0,0,0.0,0.0,0,0,0.0,8,5,60,0.2
443,Malik Benson,WR,LV,7.4,9.8,12.3,0,0,0,0.0,0.0,0,0,0.0,8,5,57,0.3
444,Scotty Miller,WR,CHI,7.2,9.7,12.2,0,0,0,0.0,0.0,0,0,0.0,8,5,54,0.3
445,Jared Wayne,WR,HOU,7.0,9.4,11.7,0,0,0,0.0,0.0,0,0,0.0,8,5,52,0.3
446,John Metchie III,WR,CAR,6.8,9.1,11.3,0,0,0,0.0,0.0,1,3,0.0,7,4,50,0.2
447,Jake Bobo,WR,SEA,6.7,8.9,11.0,0,0,0,0.0,0.0,0,0,0.0,7,4,52,0.3
448,Tyler Johnson,WR,DAL,6.6,8.6,10.5,0,0,0,0.0,0.0,0,0,0.0,6,4,51,0.3
449,Cedric Tillman,WR,CLE,6.5,8.7,11.0,0,0,0,0.0,0.0,0,0,0.0,7,4,52,0.2
450,Marquez Valdes-Scantling,WR,DAL,6.4,8.3,10.2,0,0,0,0.0,0.0,0,0,0.0,6,4,47,0.3
451,Malik Cunningham,WR,DET,6.3,6.6,6.9,0,0,0,0.0,0.0,6,30,0.4,1,1,6,0.0
452,Demarcus Robinson,WR,SF,6.2,8.0,9.8,0,0,0,0.0,0.0,0,1,0.0,6,4,45,0.3
453,Brycen Tremayne,WR,CAR,6.1,8.2,10.3,0,0,0,0.0,0.0,0,0,0.0,7,4,48,0.2
454,Cody White,WR,SEA,6.1,7.9,9.7,0,0,0,0.0,0.0,0,0,0.0,6,4,46,0.3
455,Tutu Atwell,WR,MIA,6.1,8.2,10.4,0,0,0,0.0,0.0,0,0,0.0,7,4,47,0.2
456,Jonathan Mingo,WR,DAL,5.9,7.9,9.8,0,0,0,0.0,0.0,0,0,0.0,6,4,47,0.2
457,Jason Brownlee,WR,KC,5.7,7.4,9.1,0,0,0,0.0,0.0,0,0,0.0,6,3,40,0.3
458,Kevin Coleman Jr.,WR,MIA,5.4,7.3,9.2,0,0,0,0.0,0.0,0,0,0.0,7,4,39,0.3
459,Derius Davis,WR,LAC,5.3,6.1,6.9,0,0,0,0.0,0.0,4,21,0.1,3,2,19,0.1
460,Dante Pettis,WR,BUF,5.2,6.8,8.3,0,0,0,0.0,0.0,0,0,0.0,5,3,40,0.2
461,Laquon Treadwell,WR,IND,5.2,6.7,8.1,0,0,0,0.0,0.0,0,0,0.0,5,3,35,0.3
462,Deven Thompkins,WR,LV,5.1,6.4,7.7,0,0,0,0.0,0.0,2,10,0.1,4,3,30,0.1
463,Malachi Fields,WR,NYG,4.9,6.5,8.1,0,0,0,0.0,0.0,0,0,0.0,5,3,35,0.2
464,Dylan Drummond,WR,ATL,4.7,6.3,8.0,0,0,0,0.0,0.0,0,0,0.0,6,3,34,0.2
465,Kameron Johnson,WR,TB,4.6,5.5,6.5,0,0,0,0.0,0.0,2,10,0.1,3,2,23,0.1
466,Coleman Owen,WR,IND,4.6,6.1,7.6,0,0,0,0.0,0.0,0,0,0.0,5,3,33,0.2
467,Colbie Young,WR,CIN,4.6,5.8,7.1,0,0,0,0.0,0.0,0,0,0.0,4,3,32,0.2
468,Malachi Corley,WR,CLE,4.6,5.6,6.7,0,0,0,0.0,0.0,2,12,0.1,3,2,23,0.1
469,Arian Smith,WR,NYJ,4.5,5.9,7.2,0,0,0,0.0,0.0,1,5,0.0,4,3,32,0.1
470,Casey Washington,WR,CAR,4.4,5.9,7.4,0,0,0,0.0,0.0,0,0,0.0,5,3,35,0.1
471,Kevin Austin Jr.,WR,NO,4.3,5.8,7.3,0,0,0,0.0,0.0,0,0,0.0,5,3,34,0.2
472,Shedrick Jackson,WR,LV,3.6,4.8,6.1,0,0,0,0.0,0.0,0,0,0.0,4,3,28,0.1
473,Ke’Shawn Williams,WR,CIN,3.6,4.2,4.7,0,0,0,0.0,0.0,2,11,0.1,2,1,15,0.1
474,Eli Pancol,WR,IND,3.6,4.6,5.7,0,0,0,0.0,0.0,0,0,0.0,3,2,24,0.2
475,Deion Burks,WR,IND,3.6,4.6,5.7,0,0,0,0.0,0.0,0,0,0.0,3,2,24,0.2
476,Raylen Sharpe,WR,IND,3.6,4.6,5.7,0,0,0,0.0,0.0,0,0,0.0,3,2,24,0.2
477,Sahmir Hagans,WR,IND,3.6,4.6,5.7,0,0,0,0.0,0.0,0,0,0.0,3,2,24,0.2
478,Jalen Brooks,WR,ARI,3.5,4.7,5.9,0,0,0,0.0,0.0,0,0,0.0,4,2,28,0.1
479,Efton Chism III,WR,NE,3.5,4.5,5.5,0,0,0,0.0,0.0,0,0,0.0,3,2,25,0.2
480,Marcus Kemp,WR,KC,3.5,4.5,5.6,0,0,0,0.0,0.0,0,0,0.0,3,2,24,0.2
481,Tom Kennedy,WR,DET,3.5,4.7,5.9,0,0,0,0.0,0.0,0,0,0.0,4,2,27,0.1
482,Tay Martin,WR,DET,3.4,4.4,5.5,0,0,0,0.0,0.0,0,0,0.0,3,2,26,0.1
483,Andrew Armstrong,WR,KC,3.4,4.5,5.5,0,0,0,0.0,0.0,0,0,0.0,3,2,24,0.2
484,Jimmy Holiday,WR,KC,3.4,4.5,5.5,0,0,0,0.0,0.0,0,0,0.0,3,2,24,0.2
485,Jeff Caldwell,WR,KC,3.4,4.5,5.5,0,0,0,0.0,0.0,0,0,0.0,3,2,24,0.2
486,Jacob De Jesus,WR,KC,3.4,4.5,5.5,0,0,0,0.0,0.0,0,0,0.0,3,2,24,0.2
487,Omari Evans,WR,KC,3.4,4.5,5.5,0,0,0,0.0,0.0,0,0,0.0,3,2,24,0.2
488,Xavier Loyd,WR,KC,3.4,4.5,5.5,0,0,0,0.0,0.0,0,0,0.0,3,2,24,0.2
489,Theo Wease Jr.,WR,MIA,3.3,4.4,5.4,0,0,0,0.0,0.0,0,0,0.0,4,2,24,0.1
490,Kaden Prather,WR,GB,3.2,4.1,5.1,0,0,0,0.0,0.0,0,0,0.0,3,2,22,0.2
491,Isaiah Neyor,WR,GB,3.2,4.1,5.1,0,0,0,0.0,0.0,0,0,0.0,3,2,22,0.2
492,Kisean Johnson,WR,GB,3.2,4.1,5.1,0,0,0,0.0,0.0,0,0,0.0,3,2,22,0.2
493,Devonte Ross,WR,LAC,3.2,4.1,5.0,0,0,0,0.0,0.0,0,0,0.0,3,2,22,0.2
494,Chris Hilton Jr.,WR,GB,3.2,4.1,5.1,0,0,0,0.0,0.0,0,0,0.0,3,2,22,0.2
495,J. Michael Sturdivant,WR,GB,3.2,4.1,5.1,0,0,0,0.0,0.0,0,0,0.0,3,2,22,0.2
496,Sincere Brown,WR,LAC,3.2,4.1,5.0,0,0,0,0.0,0.0,0,0,0.0,3,2,22,0.2
497,Alex Bachman,WR,LAR,3.1,4.0,4.9,0,0,0,0.0,0.0,0,0,0.0,3,2,23,0.1
498,Tarik Black,WR,DET,3.1,4.0,4.9,0,0,0,0.0,0.0,0,0,0.0,3,2,22,0.2
499,Tru Edwards,WR,LAR,2.9,3.7,4.5,0,0,0,0.0,0.0,0,0,0.0,3,2,20,0.2
500,Brennan Presley,WR,LAR,2.9,3.7,4.5,0,0,0,0.0,0.0,0,0,0.0,3,2,20,0.2
501,CJ Daniels,WR,LAR,2.9,3.7,4.5,0,0,0,0.0,0.0,0,0,0.0,3,2,20,0.2
502,Tylan Wallace,WR,CLE,2.9,3.9,4.9,0,0,0,0.0,0.0,0,0,0.0,3,2,22,0.1
503,Jalin Hyatt,WR,NYG,2.8,3.7,4.7,0,0,0,0.0,0.0,0,0,0.0,3,2,21,0.1
504,Dareke Young,WR,LV,2.8,3.8,4.7,0,0,0,0.0,0.0,0,0,0.0,3,2,23,0.1
505,KhaDarel Hodge,WR,SF,2.8,3.6,4.5,0,0,0,0.0,0.0,0,0,0.0,3,2,20,0.1
506,Rodney Adams,WR,CHI,2.8,3.6,4.4,0,0,0,0.0,0.0,0,0,0.0,3,2,19,0.2
507,Jacoby Jones,WR,WAS,2.7,3.5,4.3,0,0,0,0.0,0.0,0,0,0.0,3,2,19,0.1
508,Anthony Gould,WR,IND,2.7,3.5,4.4,0,0,0,0.0,0.0,0,0,0.0,3,2,20,0.1
509,Jordan Moore,WR,CIN,2.6,3.3,4.1,0,0,0,0.0,0.0,0,0,0.0,2,1,19,0.1
510,JP Richardson,WR,CHI,2.6,3.4,4.2,0,0,0,0.0,0.0,0,0,0.0,3,2,18,0.1
511,Gage Larvadain,WR,CLE,2.6,3.4,4.3,0,0,0,0.0,0.0,0,2,0.0,3,2,20,0.1
512,Omari Kelly,WR,CHI,2.6,3.4,4.2,0,0,0,0.0,0.0,0,0,0.0,3,2,18,0.1
513,Noah Thomas,WR,CIN,2.6,3.3,4.1,0,0,0,0.0,0.0,0,0,0.0,2,1,19,0.1
514,Dohnte Meyers,WR,CIN,2.6,3.3,4.1,0,0,0,0.0,0.0,0,0,0.0,2,1,19,0.1
515,Jalen Cropper,WR,NO,2.5,3.3,4.1,0,0,0,0.0,0.0,0,0,0.0,3,2,18,0.1
516,Emmanuel Henderson Jr.,WR,SEA,2.5,3.3,4.0,0,0,0,0.0,0.0,0,0,0.0,2,1,18,0.1
517,Rashad Rochelle,WR,SEA,2.5,3.3,4.0,0,0,0,0.0,0.0,0,0,0.0,2,1,18,0.1
518,Jordan Watkins,WR,SF,2.4,3.2,3.9,0,0,0,0.0,0.0,0,0,0.0,3,2,18,0.1
519,Chase Roberts,WR,LV,2.4,3.2,4.0,0,0,0,0.0,0.0,0,0,0.0,3,2,18,0.1
520,E.J. Williams Jr.,WR,LV,2.4,3.2,4.0,0,0,0,0.0,0.0,0,0,0.0,3,2,18,0.1
521,Mecole Hardman Jr.,WR,BUF,2.4,3.1,3.9,0,0,0,0.0,0.0,0,0,0.0,2,1,17,0.1
522,Michael Bandy,WR,DEN,2.3,3.1,3.9,0,0,0,0.0,0.0,0,0,0.0,3,2,18,0.1
523,Ryan Miller,WR,NYG,2.3,3.2,4.0,0,0,0,0.0,0.0,0,0,0.0,3,2,17,0.1
524,Chris Moore,WR,BAL,2.3,2.9,3.6,0,0,0,0.0,0.0,0,1,0.0,2,1,16,0.1
525,Nick Nash,WR,WAS,2.2,2.9,3.5,0,0,0,0.0,0.0,0,0,0.0,2,1,16,0.1
526,Jaden Bradley,WR,WAS,2.2,2.9,3.5,0,0,0,0.0,0.0,0,0,0.0,2,1,16,0.1
527,Reggie Virgil,WR,ARI,2.2,2.9,3.6,0,0,0,0.0,0.0,0,0,0.0,2,1,16,0.1
528,Bryce Oliver,WR,TEN,2.1,2.8,3.5,0,0,0,0.0,0.0,0,0,0.0,2,1,16,0.1
529,Jamaal Pritchett,WR,NYJ,2.1,2.8,3.4,0,0,0,0.0,0.0,0,0,0.0,2,1,15,0.1
530,Junior Bergen,WR,NYJ,2.1,2.8,3.4,0,0,0,0.0,0.0,0,0,0.0,2,1,15,0.1
531,Quincy Skinner Jr.,WR,NYJ,2.1,2.8,3.4,0,0,0,0.0,0.0,0,0,0.0,2,1,15,0.1
532,Elijah Sarratt,WR,BAL,2.1,2.7,3.3,0,0,0,0.0,0.0,0,0,0.0,2,1,14,0.1
533,Camden Brown,WR,DAL,2.1,2.7,3.3,0,0,0,0.0,0.0,0,0,0.0,2,1,15,0.1
534,Anthony Smith,WR,DAL,2.1,2.7,3.3,0,0,0,0.0,0.0,0,0,0.0,2,1,15,0.1
535,Caullin Lacy,WR,NYJ,2.1,2.8,3.4,0,0,0,0.0,0.0,0,0,0.0,2,1,15,0.1
536,Jordan Hudson,WR,DAL,2.1,2.7,3.3,0,0,0,0.0,0.0,0,0,0.0,2,1,15,0.1
537,Malik McClain,WR,NYJ,2.1,2.8,3.4,0,0,0,0.0,0.0,0,0,0.0,2,1,15,0.1
538,Ricky White III,WR,SEA,2.0,2.7,3.2,0,0,0,0.0,0.0,0,0,0.0,2,1,15,0.1
539,Josh Kelly,WR,HOU,2.0,2.6,3.2,0,0,0,0.0,0.0,0,0,0.0,2,1,14,0.1
540,Lewis Bond,WR,HOU,2.0,2.6,3.2,0,0,0,0.0,0.0,0,0,0.0,2,1,14,0.1
541,Treyvhon Saunders,WR,HOU,2.0,2.6,3.2,0,0,0,0.0,0.0,0,0,0.0,2,1,14,0.1
542,Daniel Sobkowicz,WR,HOU,2.0,2.6,3.2,0,0,0,0.0,0.0,0,0,0.0,2,1,14,0.1
543,Isaiah Hodgins,WR,NYG,2.0,2.6,3.3,0,0,0,0.0,0.0,0,0,0.0,2,1,14,0.1
544,Danny Gray,WR,PHI,1.9,2.5,3.0,0,0,0,0.0,0.0,0,0,0.0,2,1,13,0.1
545,Jaron Brown,WR,SF,1.8,2.3,2.8,0,0,0,0.0,0.0,0,0,0.0,2,1,12,0.1
546,Garrett Greene,WR,TB,1.7,2.2,2.7,0,0,0,0.0,0.0,0,0,0.0,2,1,12,0.1
547,A.J. Henning,WR,MIA,1.7,2.3,2.9,0,0,0,0.0,0.0,0,0,0.0,2,1,13,0.1
548,Eric Rivers Jr.,WR,TB,1.7,2.2,2.7,0,0,0,0.0,0.0,0,0,0.0,2,1,12,0.1
549,Donaven McCulley,WR,MIA,1.7,2.3,2.9,0,0,0,0.0,0.0,0,0,0.0,2,1,13,0.1
550,Will Pauling,WR,SF,1.7,2.2,2.7,0,0,0,0.0,0.0,0,0,0.0,2,1,12,0.1
551,Wesley Grimes,WR,SF,1.7,2.2,2.7,0,0,0,0.0,0.0,0,0,0.0,2,1,12,0.1
552,Dean Patterson,WR,TB,1.7,2.2,2.7,0,0,0,0.0,0.0,0,0,0.0,2,1,12,0.1
553,Samori Toure,WR,PHI,1.7,2.3,2.9,0,0,0,0.0,0.0,0,0,0.0,2,1,13,0.1
554,Dennis Houston,WR,TB,1.7,2.2,2.7,0,0,0,0.0,0.0,0,0,0.0,2,1,12,0.1
555,Charlie Jones,WR,CIN,1.6,2.0,2.5,0,0,0,0.0,0.0,0,0,0.0,1,1,11,0.1
556,Dominic Lovett,WR,DET,1.6,2.0,2.4,0,0,0,0.0,0.0,0,0,0.0,2,1,11,0.1
557,Hakeem Butler,WR,DEN,1.6,2.1,2.6,0,0,0,0.0,0.0,0,0,0.0,2,1,12,0.1
558,Mac Dalena,WR,BUF,1.5,1.9,2.3,0,0,0,0.0,0.0,0,0,0.0,1,1,10,0.1
559,Quentin Skinner,WR,BUF,1.5,1.9,2.3,0,0,0,0.0,0.0,0,0,0.0,1,1,11,0.1
560,Stephen Gosnell,WR,BUF,1.5,1.9,2.3,0,0,0,0.0,0.0,0,0,0.0,1,1,10,0.1
561,Max Tomczak,WR,BUF,1.5,1.9,2.3,0,0,0,0.0,0.0,0,0,0.0,1,1,10,0.1
562,Dane Key,WR,DEN,1.5,2.0,2.5,0,0,0,0.0,0.0,0,0,0.0,2,1,11,0.1
563,Ja’Mori Maclin,WR,BUF,1.5,1.9,2.3,0,0,0,0.0,0.0,0,0,0.0,1,1,10,0.1
564,Kolbe Katsis,WR,DEN,1.5,2.0,2.5,0,0,0,0.0,0.0,0,0,0.0,2,1,11,0.1
565,Joseph Manjack IV,WR,DEN,1.5,2.0,2.5,0,0,0,0.0,0.0,0,0,0.0,2,1,11,0.1
566,Cameron Ross,WR,DEN,1.5,2.0,2.5,0,0,0,0.0,0.0,0,0,0.0,2,1,11,0.1
567,Trent Sherfield,WR,BUF,1.5,2.0,2.5,0,0,0,0.0,0.0,0,0,0.0,2,1,11,0.1
568,Tahj Washington,WR,MIA,1.5,2.0,2.5,0,0,0,0.0,0.0,0,0,0.0,2,1,11,0.1
569,Britain Covey,WR,PHI,1.4,1.8,2.3,0,0,0,0.0,0.0,0,0,0.0,2,1,11,0.1
570,Ronnie Bell,WR,NO,1.4,1.9,2.3,0,0,0,0.0,0.0,0,0,0.0,2,1,11,0.1
571,Tejhaun Palmer,WR,NE,1.4,1.9,2.3,0,0,0,0.0,0.0,0,0,0.0,1,1,10,0.1
572,Beaux Collins,WR,ATL,1.4,1.8,2.2,0,0,0,0.0,0.0,0,0,0.0,2,1,10,0.1
573,Roc Taylor,WR,CAR,1.4,1.9,2.3,0,0,0,0.0,0.0,0,0,0.0,2,1,11,0.1
574,Kobe Prentice,WR,NE,1.4,1.9,2.3,0,0,0,0.0,0.0,0,0,0.0,1,1,10,0.1
575,Cameron Dorner,WR,NE,1.4,1.9,2.3,0,0,0,0.0,0.0,0,0,0.0,1,1,10,0.1
576,Kyle Dixon,WR,NE,1.4,1.9,2.3,0,0,0,0.0,0.0,0,0,0.0,1,1,10,0.1
577,Nick Degennaro,WR,NE,1.4,1.9,2.3,0,0,0,0.0,0.0,0,0,0.0,1,1,10,0.1
578,Devin Duvernay,WR,ARI,1.4,1.9,2.3,0,0,0,0.0,0.0,0,0,0.0,1,1,11,0.1
579,David Moore,WR,CAR,1.4,1.8,2.2,0,0,0,0.0,0.0,0,2,0.0,1,1,9,0.0
580,Krishawn Hogan,WR,TEN,1.4,1.8,2.2,0,0,0,0.0,0.0,0,0,0.0,1,1,11,0.1
581,Xavier Weaver,WR,ARI,1.4,1.9,2.3,0,0,0,0.0,0.0,0,0,0.0,2,1,10,0.1
582,Tai Felton,WR,MIN,1.3,1.7,2.1,0,0,0,0.0,0.0,0,0,0.0,1,1,10,0.0
583,Antwane Wells Jr.,WR,ATL,1.3,1.7,2.1,0,0,0,0.0,0.0,0,0,0.0,1,1,9,0.1
584,Courtney Jackson,WR,TEN,1.3,1.7,2.1,0,0,0,0.0,0.0,0,0,0.0,1,1,9,0.1
585,Hank Beatty,WR,TEN,1.3,1.7,2.1,0,0,0,0.0,0.0,0,0,0.0,1,1,9,0.1
586,Vinny Anthony II,WR,ATL,1.3,1.7,2.1,0,0,0,0.0,0.0,0,0,0.0,1,1,9,0.1
587,Tyren Montgomery,WR,TEN,1.3,1.7,2.1,0,0,0,0.0,0.0,0,0,0.0,1,1,9,0.1
588,Keelan Marion,WR,ATL,1.3,1.7,2.1,0,0,0,0.0,0.0,0,0,0.0,1,1,9,0.1
589,Lance McCutcheon,WR,TEN,1.3,1.7,2.1,0,0,0,0.0,0.0,0,0,0.0,1,1,9,0.1
590,Xavier Gipson,WR,NYG,1.2,1.6,2.1,0,0,0,0.0,0.0,0,0,0.0,1,1,9,0.1
591,Tyrell Shavers,WR,BUF,1.2,1.6,2.0,0,0,0,0.0,0.0,0,0,0.0,1,1,10,0.0
592,Malik Turner,WR,SF,1.2,1.6,2.1,0,0,0,0.0,0.0,0,0,0.0,1,1,9,0.0
593,Simi Fehoko,WR,ARI,1.2,1.6,2.0,0,0,0,0.0,0.0,0,0,0.0,1,1,9,0.1
594,Brock Rechsteiner,WR,NO,1.1,1.5,1.9,0,0,0,0.0,0.0,0,0,0.0,1,1,8,0.0
595,Braxton Berrios,WR,NYG,1.1,1.5,1.9,0,0,0,0.0,0.0,0,0,0.0,1,1,8,0.0
596,Lucky Jackson,WR,DET,1.0,1.2,1.5,0,0,0,0.0,0.0,0,0,0.0,1,1,7,0.0
597,Jeshaun Jones,WR,MIN,1.0,1.3,1.5,0,0,0,0.0,0.0,0,0,0.0,1,1,7,0.0
598,Dontae Fleming,WR,MIN,1.0,1.3,1.5,0,0,0,0.0,0.0,0,0,0.0,1,1,7,0.0
599,Dillon Bell,WR,MIN,1.0,1.3,1.5,0,0,0,0.0,0.0,0,0,0.0,1,1,7,0.0
600,Marcus Sanders Jr.,WR,MIN,1.0,1.3,1.5,0,0,0,0.0,0.0,0,0,0.0,1,1,7,0.0
601,Trayvon Rudolph,WR,MIN,1.0,1.3,1.5,0,0,0,0.0,0.0,0,0,0.0,1,1,7,0.0
602,Terrill Davis,WR,MIN,1.0,1.3,1.5,0,0,0,0.0,0.0,0,0,0.0,1,1,7,0.0
603,Mason Kinsey,WR,TEN,1.0,1.4,1.7,0,0,0,0.0,0.0,0,0,0.0,1,1,8,0.0
604,Chris Blair,WR,ATL,0.9,1.3,1.6,0,0,0,0.0,0.0,0,0,0.0,1,1,7,0.0
605,Luke Floriea,WR,CLE,0.8,1.1,1.4,0,0,0,0.0,0.0,0,0,0.0,1,1,6,0.0
606,Ben Patterson,WR,CLE,0.8,1.1,1.4,0,0,0,0.0,0.0,0,0,0.0,1,1,6,0.0
607,Kole Wilson,WR,CLE,0.8,1.1,1.4,0,0,0,0.0,0.0,0,0,0.0,1,1,6,0.0
608,Kaden Davis,WR,CHI,0.7,0.9,1.0,0,0,0,0.0,0.0,0,0,0.0,1,0,4,0.0
609,Maurice Alexander,WR,CHI,0.6,0.7,0.9,0,0,0,0.0,0.0,0,0,0.0,1,0,4,0.0
610,D.J. Montgomery,WR,IND,0.6,0.8,1.0,0,0,0,0.0,0.0,0,0,0.0,1,0,4,0.0
611,Roman Wilson,WR,PIT,0.6,0.8,1.0,0,0,0,0.0,0.0,0,0,0.0,1,0,5,0.0
612,Trey Palmer,WR,NO,0.5,0.8,0.9,0,0,0,0.0,0.0,0,0,0.0,1,0,4,0.0
613,Bryson Green,WR,ARI,0.5,0.7,0.8,0,0,0,0.0,0.0,0,0,0.0,1,0,4,0.0
614,Xavier Guillory,WR,BAL,0.5,0.7,0.7,0,0,0,0.0,0.0,0,0,0.0,0,0,3,0.0
615,Cortez Braham Jr.,WR,BAL,0.5,0.7,0.7,0,0,0,0.0,0.0,0,0,0.0,0,0,3,0.0
616,Harrison Wallace III,WR,ARI,0.5,0.7,0.8,0,0,0,0.0,0.0,0,0,0.0,1,0,4,0.0
617,Octavian Smith Jr.,WR,BAL,0.5,0.7,0.7,0,0,0,0.0,0.0,0,0,0.0,0,0,3,0.0
618,Cornelius Johnson,WR,BAL,0.5,0.7,0.7,0,0,0,0.0,0.0,0,0,0.0,0,0,3,0.0
619,Bub Means,WR,NO,0.5,0.7,0.9,0,0,0,0.0,0.0,0,0,0.0,1,0,4,0.0
620,Tyler Scott,WR,LAR,0.4,0.5,0.5,0,0,0,0.0,0.0,0,0,0.0,0,0,3,0.0
621,LaJohntay Wester,WR,BAL,0.4,0.6,0.7,0,0,0,0.0,0.0,0,0,0.0,0,0,3,0.0
622,Dalen Cambre,WR,NYG,0.4,0.6,0.8,0,0,0,0.0,0.0,0,0,0.0,1,0,3,0.0
623,Kendric Pryor,WR,CIN,0.4,0.5,0.6,0,0,0,0.0,0.0,0,0,0.0,0,0,3,0.0
624,Irvin Charles,WR,SEA,0.3,0.5,0.5,0,0,0,0.0,0.0,0,0,0.0,0,0,2,0.0
625,Brandon Johnson,WR,LV,0.3,0.3,0.5,0,0,0,0.0,0.0,0,0,0.0,0,0,2,0.0
626,Myles Price,WR,MIN,0.3,0.5,0.5,0,0,0,0.0,0.0,0,0,0.0,0,0,3,0.0
627,Kaden Wetjen,WR,PIT,0.3,0.4,0.5,0,0,0,0.0,0.0,0,0,0.0,0,0,2,0.0
628,Erik Ezukanma,WR,PHI,0.3,0.3,0.5,0,0,0,0.0,0.0,0,0,0.0,0,0,2,0.0
629,Ben Skowronek,WR,PIT,0.3,0.3,0.4,0,0,0,0.0,0.0,0,0,0.0,0,0,2,0.0
630,Denzel Mims,WR,DAL,0.3,0.5,0.5,0,0,0,0.0,0.0,0,0,0.0,0,0,3,0.0
631,Jalen Reagor,WR,MIA,0.3,0.5,0.7,0,0,0,0.0,0.0,0,0,0.0,1,0,3,0.0
632,Phillip Dorsett II,WR,LV,0.3,0.3,0.5,0,0,0,0.0,0.0,0,0,0.0,0,0,2,0.0
633,Quez Watkins,WR,PHI,0.3,0.3,0.5,0,0,0,0.0,0.0,0,0,0.0,0,0,2,0.0
634,Johnny Wilson,WR,PHI,0.3,0.3,0.4,0,0,0,0.0,0.0,0,0,0.0,0,0,2,0.0
635,Elijah Cooks,WR,CAR,0.2,0.3,0.3,0,0,0,0.0,0.0,0,0,0.0,0,0,2,0.0
636,Brandon Smith,WR,PIT,0.2,0.3,0.4,0,0,0,0.0,0.0,0,0,0.0,0,0,2,0.0
637,Jacob Cowing,WR,SF,0.2,0.3,0.4,0,0,0,0.0,0.0,0,0,0.0,0,0,2,0.0
638,Ihmir Smith-Marsette,WR,ARI,0.2,0.2,0.2,0,0,0,0.0,0.0,0,0,0.0,0,0,1,0.0
639,Jha’Quan Jackson,WR,HOU,0.2,0.3,0.4,0,0,0,0.0,0.0,0,0,0.0,0,0,2,0.0
640,K.J. Osborn,WR,TEN,0.2,0.3,0.3,0,0,0,0.0,0.0,0,0,0.0,0,0,1,0.0
641,Odell Beckham Jr.,WR,NYG,0.2,0.4,0.4,0,0,0,0.0,0.0,0,0,0.0,0,0,2,0.0
642,Trenton Irwin,WR,SF,0.2,0.3,0.4,0,0,0,0.0,0.0,0,0,0.0,0,0,2,0.0
643,Terrace Marshall Jr.,WR,MIA,0.2,0.3,0.3,0,0,0,0.0,0.0,0,0,0.0,0,0,2,0.0
644,Brandon Aiyuk,WR,SF,0.1,0.1,0.2,0,0,0,0.0,0.0,0,0,0.0,0,0,1,0.0
645,Brock Bowers,TE,LV,134.9,183.9,233.0,0,0,0,0.0,0.0,3,11,0.1,127,98,984,5.9
646,Trey McBride,TE,ARI,117.4,162.7,208.0,0,0,0,0.0,0.0,0,0,0.0,116,91,880,5.0
647,Tyler Warren,TE,IND,114.7,153.7,192.6,0,0,0,0.0,0.0,6,25,0.2,108,78,766,5.9
648,Harold Fannin Jr.,TE,CLE,107.3,149.4,191.6,0,0,0,0.0,0.0,8,28,0.3,120,84,786,4.2
649,Sam LaPorta,TE,DET,105.5,144.9,184.3,0,0,0,0.0,0.0,0,0,0.0,99,79,767,4.9
650,Colston Loveland,TE,CHI,104.5,136.8,169.1,0,0,0,0.0,0.0,1,4,0.0,95,65,662,6.4
651,Mark Andrews,TE,BAL,101.1,133.1,165.1,0,0,0,0.0,0.0,12,51,0.5,84,64,628,5.2
652,Tucker Kraft,TE,GB,98.6,130.9,163.2,0,0,0,0.0,0.0,2,8,0.1,87,65,646,5.6
653,Kyle Pitts,TE,ATL,97.8,138.4,178.9,0,0,0,0.0,0.0,0,0,0.0,112,81,765,3.7
654,Travis Kelce,TE,KC,97.6,133.3,168.9,0,0,0,0.0,0.0,1,4,0.0,94,71,695,4.7
655,Hunter Henry,TE,NE,95.4,124.9,154.4,0,0,0,0.0,0.0,0,0,0.0,82,59,602,5.9
656,Dallas Goedert,TE,PHI,93.4,124.5,155.6,0,0,0,0.0,0.0,0,0,0.0,82,62,604,5.6
657,Jake Ferguson,TE,DAL,92.4,129.5,166.7,0,0,0,0.0,0.0,1,4,0.0,96,74,590,5.5
658,George Kittle,TE,SF,91.6,124.8,158.0,0,0,0,0.0,0.0,1,4,0.0,78,66,652,4.4
659,Dalton Schultz,TE,HOU,90.5,128.1,165.7,0,0,0,0.0,0.0,0,0,0.0,100,75,689,3.7
660,Brenton Strange,TE,JAC,86.2,117.6,149.0,0,0,0,0.0,0.0,0,0,0.0,83,63,595,4.5
661,Juwan Johnson,TE,NO,85.8,120.7,155.6,0,0,0,0.0,0.0,0,0,0.0,95,70,662,3.4
662,Dalton Kincaid,TE,BUF,85.5,115.2,144.9,0,0,0,0.0,0.0,0,0,0.0,78,59,590,4.5
663,AJ Barner,TE,SEA,83.9,113.8,143.7,0,0,0,0.0,0.0,9,39,0.3,77,60,523,4.4
664,Evan Engram,TE,DEN,82.7,116.6,150.6,0,0,0,0.0,0.0,1,5,0.0,97,68,636,3.2
665,Chigoziem Okonkwo,TE,WAS,80.7,111.5,142.5,0,0,0,0.0,0.0,0,0,0.0,82,62,572,4.0
666,Darren Waller,TE,CAR,79.9,107.7,135.4,0,0,0,0.0,0.0,3,9,0.1,75,55,584,3.5
667,Oronde Gadsden II,TE,LAC,79.4,105.1,130.9,0,0,0,0.0,0.0,0,0,0.0,69,52,544,4.2
668,Mike Gesicki,TE,CIN,75.4,101.8,128.1,0,0,0,0.0,0.0,0,0,0.0,73,53,523,3.9
669,T.J. Hockenson,TE,MIN,72.7,102.4,132.1,0,0,0,0.0,0.0,1,4,0.0,76,59,534,3.2
670,Gunnar Helm,TE,TEN,67.7,96.2,124.5,0,0,0,0.0,0.0,0,0,0.0,75,57,484,3.3
671,Greg Dulcich,TE,MIA,67.0,94.0,120.9,0,0,0,0.0,0.0,3,9,0.1,75,54,483,3.0
672,Pat Freiermuth,TE,PIT,65.8,92.1,118.4,0,0,0,0.0,0.0,0,0,0.0,70,53,499,2.7
673,Mason Taylor,TE,NYJ,65.3,92.4,119.6,0,0,0,0.0,0.0,0,0,0.0,75,54,489,2.8
674,Isaiah Likely,TE,NYG,64.5,89.0,113.6,0,0,0,0.0,0.0,0,0,0.0,68,49,463,3.1
675,Darnell Washington,TE,PIT,62.7,88.4,114.1,0,0,0,0.0,0.0,0,0,0.0,72,51,470,2.7
676,David Njoku,TE,LAC,56.0,76.5,96.9,0,0,0,0.0,0.0,0,0,0.0,55,41,380,3.1
677,Colby Parkinson,TE,LAR,55.8,75.2,94.6,0,0,0,0.0,0.0,0,0,0.0,54,39,327,3.9
678,Michael Mayer,TE,LV,49.6,71.8,94.0,0,0,0,0.0,0.0,0,0,0.0,63,44,388,1.9
679,Cade Otton,TE,TB,47.4,68.6,89.8,0,0,0,0.0,0.0,0,0,0.0,60,42,360,2.0
680,Tyler Higbee,TE,LAR,47.3,64.4,81.4,0,0,0,0.0,0.0,0,0,0.0,49,34,298,3.0
681,Elijah Arroyo,TE,SEA,46.8,63.1,79.3,0,0,0,0.0,0.0,0,0,0.0,48,32,313,2.7
682,Cole Kmet,TE,CHI,45.0,60.2,75.4,0,0,0,0.0,0.0,0,0,0.0,45,30,305,2.5
683,Daniel Bellinger,TE,TEN,44.0,60.1,76.1,0,0,0,0.0,0.0,0,0,0.0,44,32,318,2.1
684,Jake Tonges,TE,SF,43.4,60.3,77.2,0,0,0,0.0,0.0,0,0,0.0,46,34,301,2.3
685,Dawson Knox,TE,BUF,43.2,59.5,75.9,0,0,0,0.0,0.0,0,0,0.0,46,33,285,2.5
686,Theo Johnson,TE,NYG,41.8,55.7,69.6,0,0,0,0.0,0.0,0,0,0.0,43,28,276,2.4
687,Will Kacmarek,TE,MIA,40.6,58.3,76.0,0,0,0,0.0,0.0,0,0,0.0,54,35,292,2.0
688,Erick All,TE,CIN,40.3,57.0,73.8,0,0,0,0.0,0.0,0,0,0.0,46,33,274,2.2
689,Durham Smythe,TE,BAL,38.2,55.2,72.1,0,0,0,0.0,0.0,0,0,0.0,50,34,286,1.7
690,Austin Hooper,TE,ATL,37.9,52.4,66.9,0,0,0,0.0,0.0,0,0,0.0,39,29,280,1.7
691,Tommy Tremble,TE,CAR,35.2,51.4,67.5,0,0,0,0.0,0.0,0,0,0.0,46,32,271,1.4
692,Elijah Higgins,TE,ARI,34.7,49.9,65.2,0,0,0,0.0,0.0,0,0,0.0,40,31,267,1.4
693,Charlie Kolar,TE,LAC,33.8,45.8,57.9,0,0,0,0.0,0.0,0,0,0.0,33,24,226,1.9
694,Josh Oliver,TE,MIN,31.3,43.6,55.8,0,0,0,0.0,0.0,0,0,0.0,32,24,219,1.6
695,Noah Gray,TE,KC,29.8,41.9,53.9,0,0,0,0.0,0.0,0,0,0.0,35,24,228,1.2
696,Eli Raridon,TE,NE,28.3,40.2,52.2,0,0,0,0.0,0.0,0,0,0.0,34,24,198,1.5
697,Noah Fant,TE,NO,28.3,41.2,54.0,0,0,0,0.0,0.0,0,0,0.0,34,26,210,1.3
698,Eli Stowers,TE,PHI,26.7,36.9,47.1,0,0,0,0.0,0.0,0,0,0.0,28,20,188,1.4
699,Kenyon Sadiq,TE,NYJ,25.7,36.5,47.3,0,0,0,0.0,0.0,0,0,0.0,31,22,181,1.3
700,Terrance Ferguson,TE,LAR,25.0,31.4,37.9,0,0,0,0.0,0.0,1,3,0.0,19,13,165,1.4
701,Foster Moreau,TE,HOU,24.7,33.9,43.2,0,0,0,0.0,0.0,0,0,0.0,25,18,176,1.2
702,Cade Stover,TE,HOU,23.9,32.9,42.0,0,0,0,0.0,0.0,7,24,0.2,25,18,146,1.0
703,Jackson Hawes,TE,BUF,23.5,31.9,40.4,0,0,0,0.0,0.0,0,0,0.0,21,17,162,1.3
704,Josh Whyle,TE,GB,22.5,30.8,39.2,0,0,0,0.0,0.0,0,0,0.0,22,17,150,1.3
705,Mitchell Evans,TE,CAR,21.7,30.4,39.0,0,0,0,0.0,0.0,1,4,0.0,23,17,155,1.0
706,Jeremy Ruckert,TE,NYJ,21.7,31.6,41.4,0,0,0,0.0,0.0,0,0,0.0,26,20,160,1.0
707,Tyler Conklin,TE,DET,19.8,26.9,34.1,0,0,0,0.0,0.0,3,12,0.2,20,14,130,0.7
708,Justin Joly,TE,DEN,19.2,27.1,35.1,0,0,0,0.0,0.0,0,0,0.0,23,16,136,1.0
709,Tanner Hudson,TE,CIN,19.2,26.6,33.9,0,0,0,0.0,0.0,0,0,0.0,19,15,132,1.0
710,Luke Schoonmaker,TE,DAL,17.9,25.8,33.7,0,0,0,0.0,0.0,0,0,0.0,23,16,143,0.6
711,Adam Trautman,TE,DEN,17.7,25.9,34.1,0,0,0,0.0,0.0,0,0,0.0,22,16,139,0.7
712,Mo Alie-Cox,TE,IND,17.1,23.8,30.4,0,0,0,0.0,0.0,0,0,0.0,19,13,117,0.9
713,Luke Musgrave,TE,GB,17.0,24.1,31.2,0,0,0,0.0,0.0,0,0,0.0,19,14,135,0.6
714,Tanner Koziol,TE,JAC,16.3,22.5,28.8,0,0,0,0.0,0.0,0,0,0.0,18,12,107,1.0
715,Nate Boerkircher,TE,JAC,16.3,22.5,28.8,0,0,0,0.0,0.0,0,0,0.0,18,12,107,1.0
716,Brock Wright,TE,DET,16.3,23.4,30.5,0,0,0,0.0,0.0,0,0,0.0,21,14,115,0.8
717,Jack Stoll,TE,CLE,16.3,24.2,32.2,0,0,0,0.0,0.0,0,0,0.0,24,16,125,0.7
718,Oscar Delp,TE,NO,15.6,22.4,29.2,0,0,0,0.0,0.0,0,0,0.0,20,14,114,0.7
719,Marlin Klein,TE,HOU,15.2,21.4,27.6,0,0,0,0.0,0.0,0,0,0.0,18,12,106,0.8
720,John Bates,TE,WAS,15.2,21.3,27.5,0,0,0,0.0,0.0,0,0,0.0,18,12,100,0.9
721,Payne Durham,TE,TB,15.0,20.6,26.3,0,0,0,0.0,0.0,0,0,0.0,17,11,101,0.8
722,Davis Allen,TE,LAR,14.5,20.1,25.8,0,0,0,0.0,0.0,0,0,0.0,16,11,92,0.9
723,Sam Roush,TE,CHI,14.5,20.1,25.8,0,0,0,0.0,0.0,0,0,0.0,16,11,95,0.9
724,Ben Sinnott,TE,WAS,14.4,20.1,25.7,0,0,0,0.0,0.0,0,0,0.0,16,11,100,0.8
725,Eric Saubert,TE,SEA,14.1,19.9,25.7,0,0,0,0.0,0.0,0,0,0.0,17,12,95,0.8
726,Drew Sample,TE,CIN,13.4,19.7,26.0,0,0,0,0.0,0.0,1,4,0.1,18,13,92,0.6
727,Drew Ogletree,TE,IND,12.9,17.7,22.6,0,0,0,0.0,0.0,0,0,0.0,14,10,88,0.7
728,Robert Tonyan,TE,PIT,12.6,18.2,23.8,0,0,0,0.0,0.0,0,0,0.0,16,11,96,0.5
729,Blake Whiteheart,TE,CLE,12.3,18.0,23.8,0,0,0,0.0,0.0,0,0,0.0,17,11,100,0.4
730,Josiah Deguara,TE,SF,11.5,16.0,20.6,0,0,0,0.0,0.0,0,0,0.0,13,9,78,0.6
731,Hayden Rucci,TE,SF,11.4,15.8,20.2,0,0,0,0.0,0.0,0,0,0.0,13,9,76,0.7
732,Brevyn Spann-Ford,TE,DAL,11.4,15.7,20.0,0,0,0,0.0,0.0,0,0,0.0,12,9,80,0.6
733,Ben Sims,TE,MIA,11.0,15.5,20.1,0,0,0,0.0,0.0,0,0,0.0,14,9,83,0.5
734,Stone Smartt,TE,PHI,10.8,15.3,19.8,0,0,0,0.0,0.0,0,0,0.0,12,9,79,0.5
735,Max Klare,TE,LAR,10.7,14.5,18.3,0,0,0,0.0,0.0,0,0,0.0,10,8,70,0.6
736,Kylen Granson,TE,TEN,10.3,14.5,18.7,0,0,0,0.0,0.0,0,0,0.0,12,8,76,0.5
737,Tip Reiman,TE,ARI,9.7,14.1,18.5,0,0,0,0.0,0.0,0,0,0.0,13,9,72,0.4
738,Teagan Quitoriano,TE,ARI,8.4,11.7,15.1,0,0,0,0.0,0.0,0,0,0.0,9,7,61,0.4
739,Bauer Sharp,TE,TB,7.2,10.0,12.8,0,0,0,0.0,0.0,0,0,0.0,8,6,49,0.4
740,Jared Wiley,TE,KC,7.0,9.9,12.7,0,0,0,0.0,0.0,0,0,0.0,8,6,50,0.4
741,Tanner Conner,TE,NYG,6.8,9.7,12.5,0,0,0,0.0,0.0,0,0,0.0,9,6,48,0.4
742,Josh Cuevas,TE,BAL,6.7,9.3,11.9,0,0,0,0.0,0.0,0,0,0.0,7,5,45,0.4
743,Johnny Mundt,TE,PHI,6.6,9.4,12.1,0,0,0,0.0,0.0,0,0,0.0,8,5,50,0.3
744,David Martin-Robinson,TE,TEN,5.9,8.4,10.9,0,0,0,0.0,0.0,0,0,0.0,7,5,43,0.3
745,Pharaoh Brown,TE,IND,5.9,8.0,10.1,0,0,0,0.0,0.0,0,0,0.0,6,4,40,0.3
746,Lucas Krull,TE,DEN,5.8,8.4,11.0,0,0,0,0.0,0.0,0,0,0.0,8,5,44,0.2
747,Joe Royer,TE,CLE,5.8,8.4,11.0,0,0,0,0.0,0.0,0,0,0.0,8,5,44,0.2
748,CJ Dippre,TE,NE,5.7,8.1,10.6,0,0,0,0.0,0.0,0,0,0.0,7,5,40,0.3
749,Luke Farrell,TE,SF,5.1,7.3,9.4,0,0,0,0.0,0.0,0,0,0.0,6,4,34,0.3
750,Cameron Latu,TE,PHI,4.5,6.3,8.1,0,0,0,0.0,0.0,0,0,0.0,5,4,31,0.2
751,Jake Briningstool,TE,KC,4.5,6.2,8.0,0,0,0,0.0,0.0,0,0,0.0,5,3,30,0.3
752,Tre Watson,TE,KC,4.5,6.2,8.0,0,0,0,0.0,0.0,0,0,0.0,5,3,30,0.3
753,Jelani Woods,TE,NYJ,4.5,6.3,8.0,0,0,0,0.0,0.0,0,0,0.0,5,4,32,0.2
754,Chris Manhertz,TE,NYG,4.5,6.3,8.1,0,0,0,0.0,0.0,0,0,0.0,5,4,31,0.2
755,Ben Yurosek,TE,MIN,4.2,6.1,7.9,0,0,0,0.0,0.0,0,0,0.0,5,4,31,0.2
756,Thomas Fidone II,TE,NYG,4.2,6.0,7.8,0,0,0,0.0,0.0,0,0,0.0,5,4,29,0.2
757,Cam Grandy,TE,CIN,4.1,5.8,7.6,0,0,0,0.0,0.0,0,0,0.0,5,4,29,0.2
758,Colson Yankoff,TE,WAS,4.0,5.6,7.3,0,0,0,0.0,0.0,0,0,0.0,5,3,29,0.2
759,Connor Heyward,TE,LV,4.0,4.7,5.4,0,0,0,0.0,0.0,4,15,0.1,2,1,13,0.1
760,E.J. Jenkins,TE,PHI,3.9,5.5,7.1,0,0,0,0.0,0.0,0,0,0.0,5,3,27,0.2
761,Will Mallory,TE,IND,3.7,5.1,6.5,0,0,0,0.0,0.0,0,0,0.0,4,3,27,0.2
762,Nate Adkins,TE,DEN,3.7,5.4,7.0,0,0,0,0.0,0.0,0,0,0.0,5,3,27,0.2
763,Grant Calcaterra,TE,PHI,3.7,5.2,6.6,0,0,0,0.0,0.0,0,0,0.0,4,3,26,0.2
764,Shane Zylstra,TE,BUF,3.7,5.2,6.6,0,0,0,0.0,0.0,0,0,0.0,4,3,25,0.2
765,Drake Dabney,TE,GB,3.6,5.1,6.6,0,0,0,0.0,0.0,0,0,0.0,4,3,26,0.2
766,Brayden Willis,TE,SF,3.5,5.0,6.4,0,0,0,0.0,0.0,0,0,0.0,4,3,25,0.2
767,Matt Hibner,TE,BAL,3.4,4.7,6.0,0,0,0,0.0,0.0,0,0,0.0,4,3,22,0.2
768,Ty Pezza,TE,BAL,3.4,4.7,6.0,0,0,0,0.0,0.0,0,0,0.0,4,3,22,0.2
769,Ko Kieft,TE,TB,3.3,4.7,6.0,0,0,0,0.0,0.0,0,0,0.0,4,3,22,0.2
770,Charlie Woerner,TE,ATL,3.1,4.6,6.2,0,0,0,0.0,0.0,0,0,0.0,5,3,23,0.1
771,Hunter Long,TE,JAC,3.1,4.2,5.4,0,0,0,0.0,0.0,0,0,0.0,3,2,20,0.2
772,Cole Turner,TE,MIA,3.0,4.2,5.5,0,0,0,0.0,0.0,0,0,0.0,4,3,22,0.1
773,Albert Okwuegbunam,TE,LV,3.0,4.3,5.6,0,0,0,0.0,0.0,0,0,0.0,3,3,23,0.1
774,Brenden Bates,TE,CLE,2.9,4.0,5.1,0,0,0,0.0,0.0,0,0,0.0,3,2,21,0.1
775,Zach Horton,TE,DET,2.9,4.1,5.2,0,0,0,0.0,0.0,0,0,0.0,3,2,20,0.2
776,Brevin Jordan,TE,HOU,2.9,4.0,5.1,0,0,0,0.0,0.0,0,0,0.0,3,2,21,0.1
777,Zack Kuntz,TE,DAL,2.8,3.9,5.0,0,0,0,0.0,0.0,0,0,0.0,3,2,19,0.2
778,Bryson Nesbit,TE,MIN,2.8,4.0,5.1,0,0,0,0.0,0.0,0,0,0.0,3,2,20,0.1
779,Gavin Bartholomew,TE,MIN,2.8,4.0,5.1,0,0,0,0.0,0.0,0,0,0.0,3,2,20,0.1
780,Marshall Lang,TE,MIN,2.8,4.0,5.1,0,0,0,0.0,0.0,0,0,0.0,3,2,20,0.1
781,DJ Rogers,TE,DAL,2.8,3.9,5.0,0,0,0,0.0,0.0,0,0,0.0,3,2,19,0.2
782,Michael Trigg,TE,DAL,2.8,3.9,5.0,0,0,0,0.0,0.0,0,0,0.0,3,2,19,0.2
783,Devin Culp,TE,TB,2.8,4.0,5.2,0,0,0,0.0,0.0,0,0,0.0,3,2,20,0.1
784,Seydou Traore,TE,MIA,2.7,3.9,5.1,0,0,0,0.0,0.0,0,0,0.0,4,2,20,0.1
785,Quintin Morris,TE,JAC,2.7,3.8,4.9,0,0,0,0.0,0.0,0,0,0.0,3,2,18,0.2
786,Jaheim Bell,TE,PIT,2.6,3.6,4.6,0,0,0,0.0,0.0,0,0,0.0,3,2,19,0.1
787,Lake McRee,TE,PIT,2.4,3.5,4.5,0,0,0,0.0,0.0,0,0,0.0,3,2,18,0.1
788,Lance Mason,TE,PIT,2.4,3.5,4.5,0,0,0,0.0,0.0,0,0,0.0,3,2,18,0.1
789,Rivaldo Fairweather,TE,ARI,2.3,3.3,4.2,0,0,0,0.0,0.0,0,0,0.0,3,2,17,0.1
790,Stephen Carlson,TE,CHI,2.3,3.1,4.0,0,0,0,0.0,0.0,0,0,0.0,3,2,15,0.1
791,Joshua Simon,TE,ATL,2.2,3.2,4.1,0,0,0,0.0,0.0,0,0,0.0,3,2,16,0.1
792,Keleki Latu,TE,BUF,2.1,3.0,3.9,0,0,0,0.0,0.0,0,0,0.0,2,2,15,0.1
793,Princeton Fant,TE,DAL,2.0,2.8,3.5,0,0,0,0.0,0.0,0,0,0.0,2,2,13,0.1
794,Joel Wilson,TE,TEN,1.8,2.7,3.4,0,0,0,0.0,0.0,0,0,0.0,2,2,13,0.1
795,Tanner Arkin,TE,NE,1.8,2.7,3.4,0,0,0,0.0,0.0,0,0,0.0,2,2,13,0.1
796,Feleipe Franks,TE,CAR,1.8,1.8,1.8,0,0,0,0.0,0.0,3,11,0.1,0,0,0,0.0
797,Zaire Mitchell-Paden,TE,NO,1.6,2.3,3.0,0,0,0,0.0,0.0,0,0,0.0,2,1,12,0.1
798,Messiah Swinson,TE,GB,1.5,2.2,2.8,0,0,0,0.0,0.0,0,0,0.0,2,1,10,0.1
799,Dae’Quan Wright,TE,CLE,1.5,2.1,2.8,0,0,0,0.0,0.0,0,0,0.0,2,1,11,0.1
800,Carsen Ryan,TE,CLE,1.5,2.1,2.8,0,0,0,0.0,0.0,0,0,0.0,2,1,11,0.1
801,Tre’ McKitty,TE,WAS,1.5,1.9,2.4,0,0,0,0.0,0.0,0,0,0.0,1,1,10,0.1
802,Patrick Herbert,TE,JAC,1.3,1.8,2.3,0,0,0,0.0,0.0,0,0,0.0,1,1,9,0.1
803,Dallen Bentley,TE,DEN,1.3,1.8,2.3,0,0,0,0.0,0.0,0,0,0.0,2,1,9,0.1
804,Quentin Moore,TE,WAS,1.3,1.8,2.3,0,0,0,0.0,0.0,0,0,0.0,1,1,9,0.1
805,Nick Muse,TE,ATL,1.1,1.6,2.1,0,0,0,0.0,0.0,0,0,0.0,1,1,8,0.1
806,Jack Velling,TE,ATL,1.1,1.6,2.1,0,0,0,0.0,0.0,0,0,0.0,1,1,8,0.1
807,Kenny Fletcher Jr.,TE,TB,1.1,1.5,1.9,0,0,0,0.0,0.0,0,0,0.0,1,1,7,0.1
808,Lawrence Cager,TE,WAS,1.0,1.4,1.8,0,0,0,0.0,0.0,0,0,0.0,1,1,7,0.1
809,Moliki Matavao,TE,NO,0.9,1.4,1.8,0,0,0,0.0,0.0,0,0,0.0,1,1,7,0.0
810,Jackson Meeks,TE,DET,0.9,1.2,1.5,0,0,0,0.0,0.0,0,0,0.0,1,1,7,0.0
811,Carter Runyon,TE,LV,0.8,1.1,1.5,0,0,0,0.0,0.0,0,0,0.0,1,1,6,0.0
812,Ian Thomas,TE,LV,0.8,1.2,1.6,0,0,0,0.0,0.0,0,0,0.0,1,1,6,0.0
813,Treyton Welch,TE,NO,0.7,0.9,1.2,0,0,0,0.0,0.0,0,0,0.0,1,1,5,0.0
814,Chris Myarick,TE,LV,0.7,1.0,1.3,0,0,0,0.0,0.0,0,0,0.0,1,1,5,0.0
815,Harrison Mevis,K,LAR,144.9,144.9,144.9,0,0,0,0.0,0.0,0,0,0.0,0,0,0,0.0
816,Tyler Bass,K,BUF,144.1,144.1,144.1,0,0,0,0.0,0.0,0,0,0.0,0,0,0,0.0
817,Brandon Aubrey,K,DAL,142.2,142.2,142.2,0,0,0,0.0,0.0,0,0,0.0,0,0,0,0.0
818,Jake Bates,K,DET,142.0,142.0,142.0,0,0,0,0.0,0.0,0,0,0.0,0,0,0,0.0
819,Evan McPherson,K,CIN,141.4,141.4,141.4,0,0,0,0.0,0.0,0,0,0.0,0,0,0,0.0
820,Tyler Loop,K,BAL,141.0,141.0,141.0,0,0,0,0.0,0.0,0,0,0.0,0,0,0,0.0
821,Eddy Pineiro,K,SF,140.0,140.0,140.0,0,0,0,0.0,0.0,0,0,0.0,0,0,0,0.0
822,Cairo Santos,K,CHI,137.4,137.4,137.4,0,0,0,0.0,0.0,0,0,0.0,0,0,0,0.0
823,Trey Smack,K,GB,137.3,137.3,137.3,0,0,0,0.0,0.0,0,0,0.0,0,0,0,0.0
824,Jason Myers,K,SEA,137.1,137.1,137.1,0,0,0,0.0,0.0,0,0,0.0,0,0,0,0.0
825,Harrison Butker,K,KC,136.5,136.5,136.5,0,0,0,0.0,0.0,0,0,0.0,0,0,0,0.0
826,Cameron Dicker,K,LAC,135.0,135.0,135.0,0,0,0,0.0,0.0,0,0,0.0,0,0,0,0.0
827,Jake Elliott,K,PHI,134.9,134.9,134.9,0,0,0,0.0,0.0,0,0,0.0,0,0,0,0.0
828,Drew Stevens,K,WAS,134.5,134.5,134.5,0,0,0,0.0,0.0,0,0,0.0,0,0,0,0.0
829,Andy Borregales,K,NE,133.9,133.9,133.9,0,0,0,0.0,0.0,0,0,0.0,0,0,0,0.0
830,Cam Little,K,JAC,133.5,133.5,133.5,0,0,0,0.0,0.0,0,0,0.0,0,0,0,0.0
831,Chase McLaughlin,K,TB,131.8,131.8,131.8,0,0,0,0.0,0.0,0,0,0.0,0,0,0,0.0
832,Wil Lutz,K,DEN,129.2,129.2,129.2,0,0,0,0.0,0.0,0,0,0.0,0,0,0,0.0
833,Ben Sauls,K,NYG,128.8,128.8,128.8,0,0,0,0.0,0.0,0,0,0.0,0,0,0,0.0
834,Ka’imi Fairbairn,K,HOU,128.7,128.7,128.7,0,0,0,0.0,0.0,0,0,0.0,0,0,0,0.0
835,Will Reichard,K,MIN,128.1,128.1,128.1,0,0,0,0.0,0.0,0,0,0.0,0,0,0,0.0
836,Charlie Smyth,K,NO,125.9,125.9,125.9,0,0,0,0.0,0.0,0,0,0.0,0,0,0,0.0
837,Nick Folk,K,ATL,125.5,125.5,125.5,0,0,0,0.0,0.0,0,0,0.0,0,0,0,0.0
838,Chris Boswell,K,PIT,123.1,123.1,123.1,0,0,0,0.0,0.0,0,0,0.0,0,0,0,0.0
839,Joey Slye,K,TEN,121.1,121.1,121.1,0,0,0,0.0,0.0,0,0,0.0,0,0,0,0.0
840,Ryan Fitzgerald,K,CAR,119.5,119.5,119.5,0,0,0,0.0,0.0,0,0,0.0,0,0,0,0.0
841,Matt Gay,K,LV,115.5,115.5,115.5,0,0,0,0.0,0.0,0,0,0.0,0,0,0,0.0
842,Riley Patterson,K,MIA,114.6,114.6,114.6,0,0,0,0.0,0.0,0,0,0.0,0,0,0,0.0
843,Chad Ryland,K,ARI,114.5,114.5,114.5,0,0,0,0.0,0.0,0,0,0.0,0,0,0,0.0
844,Jason Sanders,K,NYJ,113.7,113.7,113.7,0,0,0,0.0,0.0,0,0,0.0,0,0,0,0.0
845,Andre Szmyt,K,CLE,111.3,111.3,111.3,0,0,0,0.0,0.0,0,0,0.0,0,0,0,0.0
846,Spencer Shrader,K,IND,85.1,85.1,85.1,0,0,0,0.0,0.0,0,0,0.0,0,0,0,0.0
847,Blake Grupe,K,IND,46.4,46.4,46.4,0,0,0,0.0,0.0,0,0,0.0,0,0,0,0.0
848,DEN Defense,DEF,DEN,123.5,123.5,123.5,0,0,0,0.0,0.0,0,0,0.0,0,0,0,0.0
849,PIT Defense,DEF,PIT,118.3,118.3,118.3,0,0,0,0.0,0.0,0,0,0.0,0,0,0,0.0
850,HOU Defense,DEF,HOU,116.4,116.4,116.4,0,0,0,0.0,0.0,0,0,0.0,0,0,0,0.0
851,BAL Defense,DEF,BAL,115.8,115.8,115.8,0,0,0,0.0,0.0,0,0,0.0,0,0,0,0.0
852,LAR Defense,DEF,LAR,114.1,114.1,114.1,0,0,0,0.0,0.0,0,0,0.0,0,0,0,0.0
853,SEA Defense,DEF,SEA,113.2,113.2,113.2,0,0,0,0.0,0.0,0,0,0.0,0,0,0,0.0
854,PHI Defense,DEF,PHI,111.3,111.3,111.3,0,0,0,0.0,0.0,0,0,0.0,0,0,0,0.0
855,DET Defense,DEF,DET,109.2,109.2,109.2,0,0,0,0.0,0.0,0,0,0.0,0,0,0,0.0
856,KC Defense,DEF,KC,108.0,108.0,108.0,0,0,0,0.0,0.0,0,0,0.0,0,0,0,0.0
857,CLE Defense,DEF,CLE,106.8,106.8,106.8,0,0,0,0.0,0.0,0,0,0.0,0,0,0,0.0
858,LAC Defense,DEF,LAC,105.8,105.8,105.8,0,0,0,0.0,0.0,0,0,0.0,0,0,0,0.0
859,NE Defense,DEF,NE,104.8,104.8,104.8,0,0,0,0.0,0.0,0,0,0.0,0,0,0,0.0
860,GB Defense,DEF,GB,104.6,104.6,104.6,0,0,0,0.0,0.0,0,0,0.0,0,0,0,0.0
861,TB Defense,DEF,TB,103.6,103.6,103.6,0,0,0,0.0,0.0,0,0,0.0,0,0,0,0.0
862,SF Defense,DEF,SF,103.3,103.3,103.3,0,0,0,0.0,0.0,0,0,0.0,0,0,0,0.0
863,CIN Defense,DEF,CIN,103.3,103.3,103.3,0,0,0,0.0,0.0,0,0,0.0,0,0,0,0.0
864,BUF Defense,DEF,BUF,103.2,103.2,103.2,0,0,0,0.0,0.0,0,0,0.0,0,0,0,0.0
865,TEN Defense,DEF,TEN,102.4,102.4,102.4,0,0,0,0.0,0.0,0,0,0.0,0,0,0,0.0
866,JAC Defense,DEF,JAC,102.3,102.3,102.3,0,0,0,0.0,0.0,0,0,0.0,0,0,0,0.0
867,ATL Defense,DEF,ATL,101.9,101.9,101.9,0,0,0,0.0,0.0,0,0,0.0,0,0,0,0.0
868,IND Defense,DEF,IND,101.0,101.0,101.0,0,0,0,0.0,0.0,0,0,0.0,0,0,0,0.0
869,CHI Defense,DEF,CHI,100.7,100.7,100.7,0,0,0,0.0,0.0,0,0,0.0,0,0,0,0.0
870,LV Defense,DEF,LV,100.7,100.7,100.7,0,0,0,0.0,0.0,0,0,0.0,0,0,0,0.0
871,MIN Defense,DEF,MIN,100.2,100.2,100.2,0,0,0,0.0,0.0,0,0,0.0,0,0,0,0.0
872,CAR Defense,DEF,CAR,99.6,99.6,99.6,0,0,0,0.0,0.0,0,0,0.0,0,0,0,0.0
873,WAS Defense,DEF,WAS,98.7,98.7,98.7,0,0,0,0.0,0.0,0,0,0.0,0,0,0,0.0
874,NYG Defense,DEF,NYG,96.5,96.5,96.5,0,0,0,0.0,0.0,0,0,0.0,0,0,0,0.0
875,NO Defense,DEF,NO,94.7,94.7,94.7,0,0,0,0.0,0.0,0,0,0.0,0,0,0,0.0
876,NYJ Defense,DEF,NYJ,93.0,93.0,93.0,0,0,0,0.0,0.0,0,0,0.0,0,0,0,0.0
877,DAL Defense,DEF,DAL,92.0,92.0,92.0,0,0,0,0.0,0.0,0,0,0.0,0,0,0,0.0
878,MIA Defense,DEF,MIA,87.7,87.7,87.7,0,0,0,0.0,0.0,0,0,0.0,0,0,0,0.0
879,ARI Defense,DEF,ARI,84.1,84.1,84.1,0,0,0,0.0,0.0,0,0,0.0,0,0,0,0.0